block,ppsUSDC,ppsmkUSD,ppsUSDT,ppsFRAX
18797700.0,1.03e+18,1e+18,1.08e+18,1.03e+18
18798900.0,1.03e+18,1e+18,1.08e+18,1.03e+18
18800100.0,1.03e+18,1e+18,1.08e+18,1.03e+18
18801300.0,1.03e+18,1e+18,1.08e+18,1.03e+18
18802500.0,1.03e+18,1e+18,1.08e+18,1.03e+18
18803700.0,1.03e+18,1e+18,1.08e+18,1.03e+18
18804900.0,1.03e+18,1e+18,1.08e+18,1.03e+18
18806100.0,1.03e+18,1e+18,1.08e+18,1.03e+18
18807300.0,1.03e+18,1e+18,1.08e+18,1.03e+18
18808500.0,1.03e+18,1e+18,1.08e+18,1.03e+18
18809700.0,1.03e+18,1e+18,1.08e+18,1.03e+18
18810900.0,1.03e+18,1e+18,1.08e+18,1.03e+18
18812100.0,1.03e+18,1e+18,1.08e+18,1.03e+18
18813300.0,1.03e+18,1e+18,1.08e+18,1.03e+18
18814500.0,1.03e+18,1e+18,1.08e+18,1.03e+18
18815700.0,1.03e+18,1e+18,1.08e+18,1.03e+18
18816900.0,1.03e+18,1e+18,1.08e+18,1.03e+18
18818100.0,1.03e+18,1e+18,1.08e+18,1.03e+18
18819300.0,1.03e+18,1e+18,1.08e+18,1.03e+18
18820500.0,1.03e+18,1e+18,1.08e+18,1.03e+18
18821700.0,1.03e+18,1e+18,1.08e+18,1.03e+18
18822900.0,1.03e+18,1e+18,1.08e+18,1.03e+18
18824100.0,1.03e+18,1e+18,1.08e+18,1.04e+18
18825300.0,1.03e+18,1e+18,1.08e+18,1.04e+18
18826500.0,1.03e+18,1e+18,1.08e+18,1.04e+18
18827700.0,1.03e+18,1e+18,1.08e+18,1.04e+18
18828900.0,1.03e+18,1e+18,1.08e+18,1.04e+18
18830100.0,1.03e+18,1e+18,1.08e+18,1.04e+18
18831300.0,1.03e+18,1e+18,1.08e+18,1.04e+18
18832500.0,1.03e+18,1e+18,1.08e+18,1.04e+18
18833700.0,1.03e+18,1e+18,1.08e+18,1.04e+18
18834900.0,1.03e+18,1e+18,1.08e+18,1.04e+18
18836100.0,1.03e+18,1e+18,1.08e+18,1.04e+18
18837300.0,1.03e+18,1e+18,1.08e+18,1.04e+18
18838500.0,1.03e+18,1e+18,1.08e+18,1.04e+18
18839700.0,1.03e+18,1e+18,1.08e+18,1.04e+18
18840900.0,1.03e+18,1e+18,1.08e+18,1.04e+18
18842100.0,1.03e+18,1e+18,1.08e+18,1.04e+18
18843300.0,1.03e+18,1e+18,1.08e+18,1.04e+18
18844500.0,1.03e+18,1e+18,1.08e+18,1.04e+18
18845700.0,1.03e+18,1e+18,1.08e+18,1.04e+18
18846900.0,1.03e+18,1e+18,1.08e+18,1.04e+18
18848100.0,1.03e+18,1e+18,1.08e+18,1.04e+18
18849300.0,1.03e+18,1e+18,1.08e+18,1.04e+18
18850500.0,1.03e+18,1e+18,1.08e+18,1.04e+18
18851700.0,1.03e+18,1e+18,1.08e+18,1.04e+18
18852900.0,1.03e+18,1e+18,1.08e+18,1.04e+18
18854100.0,1.03e+18,1e+18,1.08e+18,1.04e+18
18855300.0,1.03e+18,1e+18,1.08e+18,1.04e+18
18856500.0,1.03e+18,1e+18,1.08e+18,1.04e+18
18857700.0,1.03e+18,1e+18,1.08e+18,1.04e+18
18858900.0,1.03e+18,1e+18,1.08e+18,1.04e+18
18860100.0,1.03e+18,1e+18,1.08e+18,1.04e+18
18861300.0,1.03e+18,1e+18,1.08e+18,1.04e+18
18862500.0,1.03e+18,1e+18,1.08e+18,1.04e+18
18863700.0,1.03e+18,1e+18,1.08e+18,1.04e+18
18864900.0,1.03e+18,1e+18,1.08e+18,1.04e+18
18866100.0,1.03e+18,1e+18,1.08e+18,1.04e+18
18867300.0,1.03e+18,1e+18,1.08e+18,1.04e+18
18868500.0,1.03e+18,1e+18,1.08e+18,1.04e+18
18869700.0,1.03e+18,1e+18,1.08e+18,1.04e+18
18870900.0,1.03e+18,1e+18,1.08e+18,1.04e+18
18872100.0,1.03e+18,1e+18,1.08e+18,1.04e+18
18873300.0,1.03e+18,1e+18,1.08e+18,1.04e+18
18874500.0,1.03e+18,1e+18,1.08e+18,1.04e+18
18875700.0,1.03e+18,1e+18,1.08e+18,1.04e+18
18876900.0,1.03e+18,1e+18,1.08e+18,1.04e+18
18878100.0,1.03e+18,1e+18,1.08e+18,1.04e+18
18879300.0,1.03e+18,1e+18,1.08e+18,1.04e+18
18880500.0,1.03e+18,1e+18,1.08e+18,1.04e+18
18881700.0,1.03e+18,1e+18,1.08e+18,1.04e+18
18882900.0,1.03e+18,1e+18,1.08e+18,1.04e+18
18884100.0,1.03e+18,1e+18,1.08e+18,1.04e+18
18885300.0,1.03e+18,1e+18,1.08e+18,1.04e+18
18886500.0,1.03e+18,1e+18,1.08e+18,1.04e+18
18887700.0,1.03e+18,1e+18,1.08e+18,1.04e+18
18888900.0,1.03e+18,1e+18,1.08e+18,1.04e+18
18890100.0,1.03e+18,1e+18,1.08e+18,1.04e+18
18891300.0,1.03e+18,1e+18,1.08e+18,1.04e+18
18892500.0,1.03e+18,1e+18,1.08e+18,1.04e+18
18893700.0,1.03e+18,1e+18,1.08e+18,1.04e+18
18894900.0,1.03e+18,1e+18,1.08e+18,1.04e+18
18896100.0,1.03e+18,1e+18,1.08e+18,1.04e+18
18897300.0,1.03e+18,1e+18,1.08e+18,1.04e+18
18898500.0,1.03e+18,1e+18,1.08e+18,1.04e+18
18899700.0,1.03e+18,1e+18,1.08e+18,1.04e+18
18900900.0,1.03e+18,1e+18,1.08e+18,1.04e+18
18902100.0,1.03e+18,1e+18,1.08e+18,1.04e+18
18903300.0,1.03e+18,1e+18,1.08e+18,1.04e+18
18904500.0,1.03e+18,1e+18,1.08e+18,1.04e+18
18905700.0,1.03e+18,1e+18,1.08e+18,1.04e+18
18906900.0,1.03e+18,1e+18,1.08e+18,1.04e+18
18908100.0,1.03e+18,1e+18,1.08e+18,1.04e+18
18909300.0,1.03e+18,1e+18,1.08e+18,1.04e+18
18910500.0,1.04e+18,1e+18,1.08e+18,1.04e+18
18911700.0,1.04e+18,1e+18,1.08e+18,1.04e+18
18912900.0,1.04e+18,1e+18,1.08e+18,1.04e+18
18914100.0,1.04e+18,1e+18,1.08e+18,1.04e+18
18915300.0,1.04e+18,1e+18,1.08e+18,1.04e+18
18916500.0,1.04e+18,1e+18,1.08e+18,1.04e+18
18917700.0,1.04e+18,1e+18,1.08e+18,1.04e+18
18918900.0,1.04e+18,1e+18,1.08e+18,1.04e+18
18920100.0,1.04e+18,1e+18,1.08e+18,1.04e+18
18921300.0,1.04e+18,1e+18,1.08e+18,1.04e+18
18922500.0,1.04e+18,1e+18,1.08e+18,1.04e+18
18923700.0,1.04e+18,1e+18,1.08e+18,1.04e+18
18924900.0,1.04e+18,1e+18,1.08e+18,1.04e+18
18926100.0,1.04e+18,1e+18,1.08e+18,1.04e+18
18927300.0,1.04e+18,1e+18,1.08e+18,1.04e+18
18928500.0,1.04e+18,1e+18,1.08e+18,1.04e+18
18929700.0,1.04e+18,1e+18,1.08e+18,1.04e+18
18930900.0,1.04e+18,1e+18,1.08e+18,1.04e+18
18932100.0,1.04e+18,1e+18,1.08e+18,1.04e+18
18933300.0,1.04e+18,1e+18,1.08e+18,1.04e+18
18934500.0,1.04e+18,1e+18,1.08e+18,1.04e+18
18935700.0,1.04e+18,1e+18,1.08e+18,1.04e+18
18936900.0,1.04e+18,1e+18,1.08e+18,1.04e+18
18938100.0,1.04e+18,1e+18,1.08e+18,1.04e+18
18939300.0,1.04e+18,1e+18,1.08e+18,1.04e+18
18940500.0,1.04e+18,1e+18,1.08e+18,1.04e+18
18941700.0,1.04e+18,1e+18,1.08e+18,1.04e+18
18942900.0,1.04e+18,1e+18,1.08e+18,1.04e+18
18944100.0,1.04e+18,1e+18,1.08e+18,1.04e+18
18945300.0,1.04e+18,1e+18,1.08e+18,1.04e+18
18946500.0,1.04e+18,1e+18,1.08e+18,1.04e+18
18947700.0,1.04e+18,1e+18,1.08e+18,1.04e+18
18948900.0,1.04e+18,1e+18,1.08e+18,1.04e+18
18950100.0,1.04e+18,1e+18,1.08e+18,1.04e+18
18951300.0,1.04e+18,1e+18,1.08e+18,1.04e+18
18952500.0,1.04e+18,1e+18,1.08e+18,1.04e+18
18953700.0,1.04e+18,1e+18,1.08e+18,1.04e+18
18954900.0,1.04e+18,1e+18,1.08e+18,1.04e+18
18956100.0,1.04e+18,1e+18,1.08e+18,1.04e+18
18957300.0,1.04e+18,1e+18,1.08e+18,1.04e+18
18958500.0,1.04e+18,1e+18,1.08e+18,1.04e+18
18959700.0,1.04e+18,1e+18,1.08e+18,1.04e+18
18960900.0,1.04e+18,1e+18,1.08e+18,1.04e+18
18962100.0,1.04e+18,1e+18,1.08e+18,1.04e+18
18963300.0,1.04e+18,1e+18,1.08e+18,1.04e+18
18964500.0,1.04e+18,1e+18,1.08e+18,1.04e+18
18965700.0,1.04e+18,1e+18,1.08e+18,1.04e+18
18966900.0,1.04e+18,1e+18,1.08e+18,1.04e+18
18968100.0,1.04e+18,1e+18,1.08e+18,1.04e+18
18969300.0,1.04e+18,1e+18,1.08e+18,1.04e+18
18970500.0,1.04e+18,1e+18,1.08e+18,1.04e+18
18971700.0,1.04e+18,1e+18,1.08e+18,1.04e+18
18972900.0,1.04e+18,1e+18,1.08e+18,1.04e+18
18974100.0,1.04e+18,1e+18,1.08e+18,1.04e+18
18975300.0,1.04e+18,1e+18,1.08e+18,1.04e+18
18976500.0,1.04e+18,1e+18,1.08e+18,1.04e+18
18977700.0,1.04e+18,1e+18,1.08e+18,1.04e+18
18978900.0,1.04e+18,1e+18,1.08e+18,1.04e+18
18980100.0,1.04e+18,1e+18,1.08e+18,1.04e+18
18981300.0,1.04e+18,1e+18,1.08e+18,1.04e+18
18982500.0,1.04e+18,1e+18,1.08e+18,1.04e+18
18983700.0,1.04e+18,1e+18,1.08e+18,1.04e+18
18984900.0,1.04e+18,1e+18,1.08e+18,1.04e+18
18986100.0,1.04e+18,1e+18,1.08e+18,1.04e+18
18987300.0,1.04e+18,1e+18,1.08e+18,1.04e+18
18988500.0,1.04e+18,1e+18,1.08e+18,1.04e+18
18989700.0,1.04e+18,1e+18,1.08e+18,1.04e+18
18990900.0,1.04e+18,1e+18,1.08e+18,1.04e+18
18992100.0,1.04e+18,1e+18,1.08e+18,1.04e+18
18993300.0,1.04e+18,1e+18,1.08e+18,1.04e+18
18994500.0,1.04e+18,1e+18,1.08e+18,1.04e+18
18995700.0,1.04e+18,1e+18,1.08e+18,1.04e+18
18996900.0,1.04e+18,1e+18,1.08e+18,1.04e+18
18998100.0,1.04e+18,1e+18,1.08e+18,1.04e+18
18999300.0,1.04e+18,1e+18,1.08e+18,1.04e+18
19000500.0,1.04e+18,1e+18,1.08e+18,1.04e+18
19001700.0,1.04e+18,1e+18,1.08e+18,1.04e+18
19002900.0,1.04e+18,1e+18,1.08e+18,1.04e+18
19004100.0,1.04e+18,1e+18,1.08e+18,1.04e+18
19005300.0,1.04e+18,1e+18,1.08e+18,1.04e+18
19006500.0,1.04e+18,1e+18,1.08e+18,1.04e+18
19007700.0,1.04e+18,1e+18,1.08e+18,1.04e+18
19008900.0,1.04e+18,1e+18,1.08e+18,1.04e+18
19010100.0,1.04e+18,1e+18,1.08e+18,1.04e+18
19011300.0,1.04e+18,1e+18,1.08e+18,1.04e+18
19012500.0,1.04e+18,1e+18,1.08e+18,1.04e+18
19013700.0,1.04e+18,1e+18,1.08e+18,1.04e+18
19014900.0,1.04e+18,1e+18,1.08e+18,1.04e+18
19016100.0,1.04e+18,1e+18,1.08e+18,1.04e+18
19017300.0,1.04e+18,1e+18,1.08e+18,1.04e+18
19018500.0,1.04e+18,1e+18,1.08e+18,1.04e+18
19019700.0,1.04e+18,1e+18,1.08e+18,1.04e+18
19020900.0,1.04e+18,1e+18,1.08e+18,1.04e+18
19022100.0,1.04e+18,1e+18,1.08e+18,1.05e+18
19023300.0,1.04e+18,1e+18,1.08e+18,1.05e+18
19024500.0,1.04e+18,1e+18,1.08e+18,1.05e+18
19025700.0,1.04e+18,1e+18,1.08e+18,1.05e+18
19026900.0,1.04e+18,1e+18,1.08e+18,1.05e+18
19028100.0,1.04e+18,1e+18,1.08e+18,1.05e+18
19029300.0,1.04e+18,1e+18,1.08e+18,1.05e+18
19030500.0,1.04e+18,1e+18,1.08e+18,1.05e+18
19031700.0,1.04e+18,1e+18,1.08e+18,1.05e+18
19032900.0,1.04e+18,1e+18,1.08e+18,1.05e+18
19034100.0,1.04e+18,1e+18,1.08e+18,1.05e+18
19035300.0,1.04e+18,1e+18,1.08e+18,1.05e+18
19036500.0,1.04e+18,1e+18,1.08e+18,1.05e+18
19037700.0,1.04e+18,1e+18,1.08e+18,1.05e+18
19038900.0,1.04e+18,1e+18,1.08e+18,1.05e+18
19040100.0,1.04e+18,1e+18,1.08e+18,1.05e+18
19041300.0,1.04e+18,1e+18,1.08e+18,1.05e+18
19042500.0,1.04e+18,1e+18,1.08e+18,1.05e+18
19043700.0,1.04e+18,1e+18,1.08e+18,1.05e+18
19044900.0,1.04e+18,1e+18,1.08e+18,1.05e+18
19046100.0,1.04e+18,1e+18,1.08e+18,1.05e+18
19047300.0,1.04e+18,1e+18,1.08e+18,1.05e+18
19048500.0,1.04e+18,1e+18,1.08e+18,1.05e+18
19049700.0,1.04e+18,1e+18,1.08e+18,1.05e+18
19050900.0,1.04e+18,1e+18,1.08e+18,1.05e+18
19052100.0,1.04e+18,1e+18,1.08e+18,1.05e+18
19053300.0,1.04e+18,1e+18,1.08e+18,1.05e+18
19054500.0,1.04e+18,1e+18,1.09e+18,1.05e+18
19055700.0,1.04e+18,1e+18,1.09e+18,1.05e+18
19056900.0,1.04e+18,1e+18,1.09e+18,1.05e+18
19058100.0,1.04e+18,1e+18,1.09e+18,1.05e+18
19059300.0,1.04e+18,1e+18,1.09e+18,1.05e+18
19060500.0,1.04e+18,1e+18,1.09e+18,1.05e+18
19061700.0,1.04e+18,1e+18,1.09e+18,1.05e+18
19062900.0,1.04e+18,1e+18,1.09e+18,1.05e+18
19064100.0,1.04e+18,1e+18,1.09e+18,1.05e+18
19065300.0,1.04e+18,1e+18,1.09e+18,1.05e+18
19066500.0,1.04e+18,1e+18,1.09e+18,1.05e+18
19067700.0,1.04e+18,1e+18,1.09e+18,1.05e+18
19068900.0,1.04e+18,1e+18,1.09e+18,1.05e+18
19070100.0,1.04e+18,1e+18,1.09e+18,1.05e+18
19071300.0,1.04e+18,1e+18,1.09e+18,1.05e+18
19072500.0,1.04e+18,1e+18,1.09e+18,1.05e+18
19073700.0,1.04e+18,1e+18,1.09e+18,1.05e+18
19074900.0,1.04e+18,1e+18,1.09e+18,1.05e+18
19076100.0,1.04e+18,1e+18,1.09e+18,1.05e+18
19077300.0,1.04e+18,1e+18,1.09e+18,1.05e+18
19078500.0,1.04e+18,1e+18,1.09e+18,1.05e+18
19079700.0,1.04e+18,1e+18,1.1e+18,1.05e+18
19080900.0,1.04e+18,1e+18,1.1e+18,1.05e+18
19082100.0,1.04e+18,1e+18,1.1e+18,1.05e+18
19083300.0,1.04e+18,1e+18,1.1e+18,1.05e+18
19084500.0,1.04e+18,1e+18,1.1e+18,1.05e+18
19085700.0,1.04e+18,1e+18,1.1e+18,1.05e+18
19086900.0,1.04e+18,1e+18,1.1e+18,1.05e+18
19088100.0,1.04e+18,1e+18,1.1e+18,1.05e+18
19089300.0,1.04e+18,1e+18,1.1e+18,1.05e+18
19090500.0,1.04e+18,1e+18,1.1e+18,1.05e+18
19091700.0,1.04e+18,1e+18,1.1e+18,1.05e+18
19092900.0,1.04e+18,1e+18,1.1e+18,1.05e+18
19094100.0,1.04e+18,1e+18,1.1e+18,1.05e+18
19095300.0,1.04e+18,1e+18,1.1e+18,1.05e+18
19096500.0,1.04e+18,1e+18,1.1e+18,1.05e+18
19097700.0,1.04e+18,1e+18,1.1e+18,1.05e+18
19098900.0,1.04e+18,1e+18,1.1e+18,1.05e+18
19100100.0,1.04e+18,1e+18,1.1e+18,1.05e+18
19101300.0,1.04e+18,1e+18,1.1e+18,1.05e+18
19102500.0,1.04e+18,1e+18,1.1e+18,1.05e+18
19103700.0,1.04e+18,1e+18,1.1e+18,1.05e+18
19104900.0,1.04e+18,1e+18,1.1e+18,1.05e+18
19106100.0,1.04e+18,1e+18,1.1e+18,1.05e+18
19107300.0,1.04e+18,1e+18,1.1e+18,1.05e+18
19108500.0,1.04e+18,1e+18,1.1e+18,1.05e+18
19109700.0,1.04e+18,1e+18,1.1e+18,1.05e+18
19110900.0,1.04e+18,1e+18,1.1e+18,1.05e+18
19112100.0,1.04e+18,1e+18,1.1e+18,1.05e+18
19113300.0,1.04e+18,1e+18,1.1e+18,1.05e+18
19114500.0,1.04e+18,1e+18,1.1e+18,1.05e+18
19115700.0,1.04e+18,1e+18,1.1e+18,1.05e+18
19116900.0,1.04e+18,1e+18,1.1e+18,1.05e+18
19118100.0,1.04e+18,1e+18,1.1e+18,1.05e+18
19119300.0,1.04e+18,1e+18,1.1e+18,1.05e+18
19120500.0,1.04e+18,1e+18,1.1e+18,1.05e+18
19121700.0,1.04e+18,1e+18,1.1e+18,1.05e+18
19122900.0,1.04e+18,1e+18,1.1e+18,1.05e+18
19124100.0,1.04e+18,1e+18,1.1e+18,1.05e+18
19125300.0,1.04e+18,1e+18,1.1e+18,1.05e+18
19126500.0,1.04e+18,1e+18,1.1e+18,1.05e+18
19127700.0,1.04e+18,1e+18,1.1e+18,1.05e+18
19128900.0,1.04e+18,1e+18,1.1e+18,1.05e+18
19130100.0,1.04e+18,1e+18,1.1e+18,1.05e+18
19131300.0,1.04e+18,1e+18,1.1e+18,1.05e+18
19132500.0,1.04e+18,1e+18,1.1e+18,1.05e+18
19133700.0,1.04e+18,1e+18,1.1e+18,1.05e+18
19134900.0,1.04e+18,1e+18,1.1e+18,1.05e+18
19136100.0,1.04e+18,1e+18,1.1e+18,1.05e+18
19137300.0,1.04e+18,1e+18,1.1e+18,1.05e+18
19138500.0,1.04e+18,1e+18,1.1e+18,1.05e+18
19139700.0,1.04e+18,1e+18,1.1e+18,1.05e+18
19140900.0,1.04e+18,1e+18,1.1e+18,1.05e+18
19142100.0,1.04e+18,1e+18,1.1e+18,1.05e+18
19143300.0,1.04e+18,1e+18,1.1e+18,1.05e+18
19144500.0,1.04e+18,1e+18,1.1e+18,1.05e+18
19145700.0,1.04e+18,1e+18,1.1e+18,1.05e+18
19146900.0,1.04e+18,1e+18,1.1e+18,1.05e+18
19148100.0,1.04e+18,1e+18,1.1e+18,1.05e+18
19149300.0,1.05e+18,1e+18,1.1e+18,1.05e+18
19150500.0,1.05e+18,1e+18,1.1e+18,1.05e+18
19151700.0,1.05e+18,1e+18,1.1e+18,1.05e+18
19152900.0,1.05e+18,1e+18,1.1e+18,1.05e+18
19154100.0,1.05e+18,1e+18,1.1e+18,1.05e+18
19155300.0,1.05e+18,1e+18,1.1e+18,1.05e+18
19156500.0,1.05e+18,1e+18,1.1e+18,1.05e+18
19157700.0,1.05e+18,1e+18,1.1e+18,1.05e+18
19158900.0,1.05e+18,1e+18,1.1e+18,1.05e+18
19160100.0,1.05e+18,1e+18,1.1e+18,1.05e+18
19161300.0,1.05e+18,1e+18,1.1e+18,1.05e+18
19162500.0,1.05e+18,1e+18,1.1e+18,1.05e+18
19163700.0,1.05e+18,1e+18,1.1e+18,1.05e+18
19164900.0,1.05e+18,1e+18,1.1e+18,1.05e+18
19166100.0,1.05e+18,1e+18,1.1e+18,1.05e+18
19167300.0,1.05e+18,1e+18,1.1e+18,1.05e+18
19168500.0,1.05e+18,1e+18,1.1e+18,1.05e+18
19169700.0,1.05e+18,1e+18,1.1e+18,1.05e+18
19170900.0,1.05e+18,1e+18,1.1e+18,1.05e+18
19172100.0,1.05e+18,1e+18,1.1e+18,1.05e+18
19173300.0,1.05e+18,1e+18,1.1e+18,1.05e+18
19174500.0,1.05e+18,1e+18,1.1e+18,1.05e+18
19175700.0,1.05e+18,1e+18,1.1e+18,1.05e+18
19176900.0,1.05e+18,1e+18,1.1e+18,1.05e+18
19178100.0,1.05e+18,1e+18,1.1e+18,1.05e+18
19179300.0,1.05e+18,1e+18,1.1e+18,1.05e+18
19180500.0,1.05e+18,1e+18,1.1e+18,1.05e+18
19181700.0,1.05e+18,1e+18,1.1e+18,1.05e+18
19182900.0,1.05e+18,1e+18,1.1e+18,1.05e+18
19184100.0,1.05e+18,1e+18,1.1e+18,1.05e+18
19185300.0,1.05e+18,1e+18,1.1e+18,1.05e+18
19186500.0,1.05e+18,1e+18,1.1e+18,1.05e+18
19187700.0,1.05e+18,1e+18,1.1e+18,1.05e+18
19188900.0,1.05e+18,1e+18,1.1e+18,1.05e+18
19190100.0,1.05e+18,1e+18,1.1e+18,1.05e+18
19191300.0,1.05e+18,1e+18,1.1e+18,1.05e+18
19192500.0,1.05e+18,1e+18,1.1e+18,1.05e+18
19193700.0,1.05e+18,1e+18,1.1e+18,1.05e+18
19194900.0,1.05e+18,1e+18,1.1e+18,1.05e+18
19196100.0,1.05e+18,1e+18,1.1e+18,1.05e+18
19197300.0,1.05e+18,1e+18,1.1e+18,1.05e+18
19198500.0,1.05e+18,1e+18,1.1e+18,1.05e+18
19199700.0,1.05e+18,1e+18,1.1e+18,1.05e+18
19200900.0,1.05e+18,1e+18,1.1e+18,1.05e+18
19202100.0,1.05e+18,1e+18,1.1e+18,1.05e+18
19203300.0,1.05e+18,1e+18,1.1e+18,1.05e+18
19204500.0,1.05e+18,1e+18,1.1e+18,1.05e+18
19205700.0,1.05e+18,1e+18,1.1e+18,1.05e+18
19206900.0,1.05e+18,1e+18,1.1e+18,1.05e+18
19208100.0,1.05e+18,1e+18,1.1e+18,1.05e+18
19209300.0,1.05e+18,1e+18,1.1e+18,1.05e+18
19210500.0,1.05e+18,1e+18,1.1e+18,1.05e+18
19211700.0,1.05e+18,1e+18,1.1e+18,1.05e+18
19212900.0,1.05e+18,1e+18,1.1e+18,1.05e+18
19214100.0,1.05e+18,1e+18,1.1e+18,1.05e+18
19215300.0,1.05e+18,1e+18,1.1e+18,1.05e+18
19216500.0,1.05e+18,1e+18,1.1e+18,1.05e+18
19217700.0,1.05e+18,1e+18,1.1e+18,1.05e+18
19218900.0,1.05e+18,1e+18,1.1e+18,1.05e+18
19220100.0,1.05e+18,1e+18,1.1e+18,1.05e+18
19221300.0,1.05e+18,1e+18,1.1e+18,1.05e+18
19222500.0,1.05e+18,1e+18,1.1e+18,1.05e+18
19223700.0,1.05e+18,1e+18,1.1e+18,1.05e+18
19224900.0,1.05e+18,1e+18,1.1e+18,1.05e+18
19226100.0,1.05e+18,1e+18,1.1e+18,1.05e+18
19227300.0,1.05e+18,1e+18,1.1e+18,1.05e+18
19228500.0,1.05e+18,1e+18,1.1e+18,1.05e+18
19229700.0,1.05e+18,1e+18,1.1e+18,1.05e+18
19230900.0,1.05e+18,1e+18,1.1e+18,1.05e+18
19232100.0,1.05e+18,1e+18,1.1e+18,1.05e+18
19233300.0,1.05e+18,1e+18,1.1e+18,1.05e+18
19234500.0,1.05e+18,1e+18,1.1e+18,1.05e+18
19235700.0,1.05e+18,1e+18,1.1e+18,1.05e+18
19236900.0,1.05e+18,1e+18,1.1e+18,1.05e+18
19238100.0,1.05e+18,1e+18,1.1e+18,1.05e+18
19239300.0,1.05e+18,1e+18,1.1e+18,1.05e+18
19240500.0,1.05e+18,1e+18,1.1e+18,1.05e+18
19241700.0,1.05e+18,1e+18,1.1e+18,1.05e+18
19242900.0,1.05e+18,1e+18,1.1e+18,1.05e+18
19244100.0,1.05e+18,1e+18,1.1e+18,1.05e+18
19245300.0,1.05e+18,1e+18,1.1e+18,1.05e+18
19246500.0,1.05e+18,1e+18,1.1e+18,1.05e+18
19247700.0,1.05e+18,1e+18,1.1e+18,1.05e+18
19248900.0,1.05e+18,1e+18,1.1e+18,1.05e+18
19250100.0,1.05e+18,1e+18,1.1e+18,1.05e+18
19251300.0,1.05e+18,1e+18,1.1e+18,1.05e+18
19252500.0,1.05e+18,1e+18,1.1e+18,1.05e+18
19253700.0,1.05e+18,1e+18,1.1e+18,1.05e+18
19254900.0,1.05e+18,1e+18,1.1e+18,1.05e+18
19256100.0,1.05e+18,1e+18,1.1e+18,1.05e+18
19257300.0,1.05e+18,1e+18,1.1e+18,1.05e+18
19258500.0,1.05e+18,1e+18,1.1e+18,1.05e+18
19259700.0,1.05e+18,1e+18,1.1e+18,1.05e+18
19260900.0,1.05e+18,1e+18,1.1e+18,1.05e+18
19262100.0,1.05e+18,1e+18,1.1e+18,1.05e+18
19263300.0,1.05e+18,1e+18,1.1e+18,1.05e+18
19264500.0,1.05e+18,1e+18,1.1e+18,1.05e+18
19265700.0,1.05e+18,1e+18,1.1e+18,1.05e+18
19266900.0,1.05e+18,1e+18,1.1e+18,1.05e+18
19268100.0,1.05e+18,1e+18,1.1e+18,1.05e+18
19269300.0,1.05e+18,1e+18,1.1e+18,1.05e+18
19270500.0,1.05e+18,1e+18,1.1e+18,1.05e+18
19271700.0,1.05e+18,1e+18,1.1e+18,1.05e+18
19272900.0,1.05e+18,1e+18,1.1e+18,1.05e+18
19274100.0,1.05e+18,1e+18,1.1e+18,1.06e+18
19275300.0,1.05e+18,1e+18,1.1e+18,1.06e+18
19276500.0,1.05e+18,1e+18,1.1e+18,1.06e+18
19277700.0,1.05e+18,1e+18,1.1e+18,1.07e+18
19278900.0,1.05e+18,1e+18,1.1e+18,1.07e+18
19280100.0,1.05e+18,1e+18,1.1e+18,1.07e+18
19281300.0,1.05e+18,1e+18,1.1e+18,1.08e+18
19282500.0,1.05e+18,1e+18,1.11e+18,1.08e+18
19283700.0,1.05e+18,1e+18,1.11e+18,1.08e+18
19284900.0,1.05e+18,1e+18,1.11e+18,1.09e+18
19286100.0,1.05e+18,1e+18,1.11e+18,1.09e+18
19287300.0,1.05e+18,1e+18,1.11e+18,1.09e+18
19288500.0,1.05e+18,1e+18,1.11e+18,1.09e+18
19289700.0,1.05e+18,1e+18,1.11e+18,1.1e+18
19290900.0,1.05e+18,1e+18,1.11e+18,1.1e+18
19292100.0,1.05e+18,1e+18,1.11e+18,1.1e+18
19293300.0,1.05e+18,1e+18,1.11e+18,1.11e+18
19294500.0,1.05e+18,1e+18,1.11e+18,1.11e+18
19295700.0,1.05e+18,1e+18,1.11e+18,1.11e+18
19296900.0,1.05e+18,1e+18,1.11e+18,1.11e+18
19298100.0,1.05e+18,1e+18,1.11e+18,1.11e+18
19299300.0,1.05e+18,1e+18,1.11e+18,1.11e+18
19300500.0,1.05e+18,1e+18,1.11e+18,1.11e+18
19301700.0,1.05e+18,1e+18,1.11e+18,1.11e+18
19302900.0,1.05e+18,1e+18,1.11e+18,1.11e+18
19304100.0,1.05e+18,1e+18,1.11e+18,1.11e+18
19305300.0,1.05e+18,1e+18,1.11e+18,1.11e+18
19306500.0,1.05e+18,1e+18,1.11e+18,1.11e+18
19307700.0,1.05e+18,1e+18,1.12e+18,1.11e+18
19308900.0,1.05e+18,1e+18,1.12e+18,1.11e+18
19310100.0,1.05e+18,1e+18,1.12e+18,1.11e+18
19311300.0,1.05e+18,1e+18,1.12e+18,1.11e+18
19312500.0,1.05e+18,1e+18,1.12e+18,1.11e+18
19313700.0,1.05e+18,1e+18,1.12e+18,1.11e+18
19314900.0,1.05e+18,1e+18,1.12e+18,1.11e+18
19316100.0,1.05e+18,1e+18,1.12e+18,1.11e+18
19317300.0,1.05e+18,1e+18,1.12e+18,1.11e+18
19318500.0,1.05e+18,1e+18,1.12e+18,1.11e+18
19319700.0,1.05e+18,1e+18,1.12e+18,1.11e+18
19320900.0,1.05e+18,1e+18,1.12e+18,1.11e+18
19322100.0,1.05e+18,1e+18,1.12e+18,1.11e+18
19323300.0,1.05e+18,1e+18,1.12e+18,1.11e+18
19324500.0,1.05e+18,1e+18,1.12e+18,1.11e+18
19325700.0,1.05e+18,1e+18,1.12e+18,1.11e+18
19326900.0,1.05e+18,1e+18,1.12e+18,1.11e+18
19328100.0,1.05e+18,1e+18,1.12e+18,1.11e+18
19329300.0,1.05e+18,1e+18,1.12e+18,1.11e+18
19330500.0,1.05e+18,1e+18,1.12e+18,1.11e+18
19331700.0,1.05e+18,1e+18,1.12e+18,1.11e+18
19332900.0,1.05e+18,1e+18,1.12e+18,1.11e+18
19334100.0,1.05e+18,1e+18,1.12e+18,1.11e+18
19335300.0,1.05e+18,1e+18,1.12e+18,1.11e+18
19336500.0,1.05e+18,1e+18,1.12e+18,1.11e+18
19337700.0,1.05e+18,1e+18,1.12e+18,1.11e+18
19338900.0,1.05e+18,1e+18,1.12e+18,1.11e+18
19340100.0,1.05e+18,1e+18,1.12e+18,1.11e+18
19341300.0,1.05e+18,1e+18,1.12e+18,1.11e+18
19342500.0,1.05e+18,1e+18,1.12e+18,1.11e+18
19343700.0,1.05e+18,1e+18,1.12e+18,1.11e+18
19344900.0,1.05e+18,1e+18,1.12e+18,1.11e+18
19346100.0,1.05e+18,1e+18,1.12e+18,1.11e+18
19347300.0,1.05e+18,1e+18,1.12e+18,1.11e+18
19348500.0,1.05e+18,1e+18,1.12e+18,1.11e+18
19349700.0,1.05e+18,1e+18,1.12e+18,1.11e+18
19350900.0,1.05e+18,1e+18,1.12e+18,1.11e+18
19352100.0,1.05e+18,1e+18,1.12e+18,1.11e+18
19353300.0,1.05e+18,1e+18,1.12e+18,1.11e+18
19354500.0,1.05e+18,1e+18,1.12e+18,1.11e+18
19355700.0,1.05e+18,1e+18,1.12e+18,1.11e+18
19356900.0,1.05e+18,1e+18,1.12e+18,1.11e+18
19358100.0,1.05e+18,1e+18,1.12e+18,1.11e+18
19359300.0,1.05e+18,1e+18,1.12e+18,1.11e+18
19360500.0,1.05e+18,1e+18,1.12e+18,1.11e+18
19361700.0,1.05e+18,1e+18,1.12e+18,1.11e+18
19362900.0,1.05e+18,1e+18,1.12e+18,1.11e+18
19364100.0,1.05e+18,1e+18,1.12e+18,1.11e+18
19365300.0,1.05e+18,1e+18,1.12e+18,1.11e+18
19366500.0,1.05e+18,1e+18,1.12e+18,1.11e+18
19367700.0,1.05e+18,1e+18,1.12e+18,1.11e+18
19368900.0,1.05e+18,1e+18,1.12e+18,1.11e+18
19370100.0,1.05e+18,1e+18,1.12e+18,1.11e+18
19371300.0,1.05e+18,1e+18,1.12e+18,1.11e+18
19372500.0,1.05e+18,1e+18,1.12e+18,1.11e+18
19373700.0,1.05e+18,1e+18,1.12e+18,1.11e+18
19374900.0,1.05e+18,1e+18,1.12e+18,1.11e+18
19376100.0,1.05e+18,1e+18,1.12e+18,1.11e+18
19377300.0,1.05e+18,1e+18,1.12e+18,1.11e+18
19378500.0,1.05e+18,1e+18,1.12e+18,1.11e+18
19379700.0,1.05e+18,1e+18,1.12e+18,1.11e+18
19380900.0,1.05e+18,1e+18,1.12e+18,1.11e+18
19382100.0,1.05e+18,1e+18,1.12e+18,1.11e+18
19383300.0,1.05e+18,1e+18,1.12e+18,1.11e+18
19384500.0,1.05e+18,1e+18,1.12e+18,1.11e+18
19385700.0,1.05e+18,1e+18,1.12e+18,1.11e+18
19386900.0,1.05e+18,1e+18,1.12e+18,1.11e+18
19388100.0,1.05e+18,1e+18,1.12e+18,1.11e+18
19389300.0,1.05e+18,1e+18,1.12e+18,1.11e+18
19390500.0,1.05e+18,1e+18,1.12e+18,1.11e+18
19391700.0,1.05e+18,1e+18,1.12e+18,1.11e+18
19392900.0,1.05e+18,1e+18,1.12e+18,1.11e+18
19394100.0,1.05e+18,1e+18,1.12e+18,1.11e+18
19395300.0,1.05e+18,1e+18,1.12e+18,1.11e+18
19396500.0,1.05e+18,1e+18,1.12e+18,1.11e+18
19397700.0,1.05e+18,1e+18,1.12e+18,1.11e+18
19398900.0,1.05e+18,1e+18,1.12e+18,1.11e+18
19400100.0,1.05e+18,1e+18,1.12e+18,1.11e+18
19401300.0,1.05e+18,1e+18,1.12e+18,1.11e+18
19402500.0,1.05e+18,1e+18,1.12e+18,1.11e+18
19403700.0,1.05e+18,1e+18,1.12e+18,1.11e+18
19404900.0,1.05e+18,1e+18,1.12e+18,1.11e+18
19406100.0,1.05e+18,1e+18,1.12e+18,1.11e+18
19407300.0,1.05e+18,1e+18,1.12e+18,1.11e+18
19408500.0,1.05e+18,1e+18,1.12e+18,1.11e+18
19409700.0,1.05e+18,1e+18,1.12e+18,1.11e+18
19410900.0,1.05e+18,1e+18,1.12e+18,1.11e+18
19412100.0,1.05e+18,1e+18,1.12e+18,1.11e+18
19413300.0,1.06e+18,1e+18,1.12e+18,1.11e+18
19414500.0,1.06e+18,1e+18,1.12e+18,1.11e+18
19415700.0,1.06e+18,1e+18,1.12e+18,1.11e+18
19416900.0,1.06e+18,1e+18,1.12e+18,1.11e+18
19418100.0,1.06e+18,1e+18,1.12e+18,1.11e+18
19419300.0,1.06e+18,1e+18,1.12e+18,1.11e+18
19420500.0,1.06e+18,1e+18,1.12e+18,1.11e+18
19421700.0,1.06e+18,1e+18,1.12e+18,1.11e+18
19422900.0,1.06e+18,1e+18,1.12e+18,1.11e+18
19424100.0,1.06e+18,1e+18,1.12e+18,1.11e+18
19425300.0,1.06e+18,1e+18,1.12e+18,1.11e+18
19426500.0,1.06e+18,1e+18,1.12e+18,1.11e+18
19427700.0,1.06e+18,1e+18,1.12e+18,1.11e+18
19428900.0,1.06e+18,1e+18,1.12e+18,1.11e+18
19430100.0,1.07e+18,1e+18,1.12e+18,1.11e+18
19431300.0,1.07e+18,1e+18,1.12e+18,1.11e+18
19432500.0,1.07e+18,1e+18,1.12e+18,1.11e+18
19433700.0,1.07e+18,1e+18,1.12e+18,1.11e+18
19434900.0,1.07e+18,1e+18,1.12e+18,1.11e+18
19436100.0,1.07e+18,1e+18,1.12e+18,1.11e+18
19437300.0,1.07e+18,1e+18,1.12e+18,1.11e+18
19438500.0,1.07e+18,1e+18,1.12e+18,1.11e+18
19439700.0,1.07e+18,1e+18,1.12e+18,1.11e+18
19440900.0,1.07e+18,1e+18,1.12e+18,1.11e+18
19442100.0,1.07e+18,1e+18,1.12e+18,1.11e+18
19443300.0,1.07e+18,1e+18,1.12e+18,1.11e+18
19444500.0,1.07e+18,1e+18,1.12e+18,1.11e+18
19445700.0,1.07e+18,1e+18,1.12e+18,1.11e+18
19446900.0,1.07e+18,1e+18,1.12e+18,1.11e+18
19448100.0,1.07e+18,1e+18,1.12e+18,1.11e+18
19449300.0,1.07e+18,1e+18,1.12e+18,1.11e+18
19450500.0,1.07e+18,1e+18,1.12e+18,1.11e+18
19451700.0,1.07e+18,1e+18,1.12e+18,1.11e+18
19452900.0,1.07e+18,1e+18,1.12e+18,1.11e+18
19454100.0,1.07e+18,1e+18,1.12e+18,1.11e+18
19455300.0,1.07e+18,1e+18,1.12e+18,1.11e+18
19456500.0,1.07e+18,1e+18,1.12e+18,1.11e+18
19457700.0,1.07e+18,1e+18,1.12e+18,1.11e+18
19458900.0,1.07e+18,1e+18,1.12e+18,1.11e+18
19460100.0,1.07e+18,1e+18,1.12e+18,1.11e+18
19461300.0,1.07e+18,1e+18,1.12e+18,1.11e+18
19462500.0,1.07e+18,1e+18,1.12e+18,1.11e+18
19463700.0,1.07e+18,1e+18,1.12e+18,1.11e+18
19464900.0,1.07e+18,1e+18,1.12e+18,1.11e+18
19466100.0,1.07e+18,1e+18,1.12e+18,1.11e+18
19467300.0,1.07e+18,1e+18,1.12e+18,1.11e+18
19468500.0,1.07e+18,1e+18,1.12e+18,1.11e+18
19469700.0,1.07e+18,1e+18,1.12e+18,1.11e+18
19470900.0,1.07e+18,1e+18,1.12e+18,1.11e+18
19472100.0,1.07e+18,1e+18,1.12e+18,1.11e+18
19473300.0,1.07e+18,1e+18,1.12e+18,1.11e+18
19474500.0,1.07e+18,1e+18,1.12e+18,1.11e+18
19475700.0,1.07e+18,1e+18,1.12e+18,1.11e+18
19476900.0,1.07e+18,1e+18,1.12e+18,1.11e+18
19478100.0,1.07e+18,1e+18,1.12e+18,1.11e+18
19479300.0,1.07e+18,1e+18,1.12e+18,1.11e+18
19480500.0,1.07e+18,1e+18,1.12e+18,1.11e+18
19481700.0,1.07e+18,1e+18,1.12e+18,1.11e+18
19482900.0,1.07e+18,1e+18,1.12e+18,1.11e+18
19484100.0,1.07e+18,1e+18,1.12e+18,1.11e+18
19485300.0,1.07e+18,1e+18,1.12e+18,1.11e+18
19486500.0,1.07e+18,1e+18,1.12e+18,1.11e+18
19487700.0,1.07e+18,1e+18,1.12e+18,1.11e+18
19488900.0,1.07e+18,1e+18,1.12e+18,1.11e+18
19490100.0,1.07e+18,1e+18,1.12e+18,1.11e+18
19491300.0,1.07e+18,1e+18,1.12e+18,1.11e+18
19492500.0,1.07e+18,1e+18,1.12e+18,1.11e+18
19493700.0,1.07e+18,1e+18,1.12e+18,1.11e+18
19494900.0,1.07e+18,1e+18,1.12e+18,1.11e+18
19496100.0,1.07e+18,1e+18,1.12e+18,1.11e+18
19497300.0,1.07e+18,1e+18,1.12e+18,1.11e+18
19498500.0,1.07e+18,1e+18,1.12e+18,1.11e+18
19499700.0,1.07e+18,1e+18,1.12e+18,1.11e+18
19500900.0,1.07e+18,1e+18,1.12e+18,1.11e+18
19502100.0,1.07e+18,1e+18,1.12e+18,1.11e+18
19503300.0,1.07e+18,1e+18,1.12e+18,1.11e+18
19504500.0,1.07e+18,1e+18,1.12e+18,1.11e+18
19505700.0,1.07e+18,1e+18,1.12e+18,1.11e+18
19506900.0,1.07e+18,1e+18,1.12e+18,1.11e+18
19508100.0,1.07e+18,1e+18,1.12e+18,1.11e+18
19509300.0,1.07e+18,1e+18,1.12e+18,1.11e+18
19510500.0,1.07e+18,1e+18,1.12e+18,1.11e+18
19511700.0,1.07e+18,1e+18,1.12e+18,1.11e+18
19512900.0,1.07e+18,1e+18,1.13e+18,1.11e+18
19514100.0,1.07e+18,1e+18,1.13e+18,1.11e+18
19515300.0,1.07e+18,1e+18,1.13e+18,1.11e+18
19516500.0,1.07e+18,1e+18,1.13e+18,1.11e+18
19517700.0,1.07e+18,1e+18,1.13e+18,1.11e+18
19518900.0,1.07e+18,1e+18,1.13e+18,1.11e+18
19520100.0,1.07e+18,1e+18,1.13e+18,1.11e+18
19521300.0,1.07e+18,1e+18,1.13e+18,1.11e+18
19522500.0,1.07e+18,1e+18,1.13e+18,1.11e+18
19523700.0,1.07e+18,1e+18,1.13e+18,1.11e+18
19524900.0,1.07e+18,1e+18,1.13e+18,1.11e+18
19526100.0,1.07e+18,1e+18,1.13e+18,1.11e+18
19527300.0,1.07e+18,1e+18,1.13e+18,1.11e+18
19528500.0,1.07e+18,1e+18,1.13e+18,1.11e+18
19529700.0,1.07e+18,1e+18,1.13e+18,1.11e+18
19530900.0,1.07e+18,1e+18,1.13e+18,1.11e+18
19532100.0,1.07e+18,1e+18,1.13e+18,1.11e+18
19533300.0,1.07e+18,1e+18,1.13e+18,1.11e+18
19534500.0,1.07e+18,1e+18,1.14e+18,1.11e+18
19535700.0,1.07e+18,1.01e+18,1.14e+18,1.11e+18
19536900.0,1.07e+18,1.01e+18,1.14e+18,1.11e+18
19538100.0,1.07e+18,1.01e+18,1.14e+18,1.11e+18
19539300.0,1.07e+18,1.01e+18,1.14e+18,1.11e+18
19540500.0,1.07e+18,1.01e+18,1.14e+18,1.11e+18
19541700.0,1.07e+18,1.01e+18,1.14e+18,1.11e+18
19542900.0,1.07e+18,1.01e+18,1.14e+18,1.11e+18
19544100.0,1.07e+18,1.01e+18,1.14e+18,1.11e+18
19545300.0,1.07e+18,1.01e+18,1.14e+18,1.11e+18
19546500.0,1.07e+18,1.01e+18,1.14e+18,1.11e+18
19547700.0,1.07e+18,1.01e+18,1.14e+18,1.11e+18
19548900.0,1.07e+18,1.01e+18,1.14e+18,1.11e+18
19550100.0,1.07e+18,1.01e+18,1.14e+18,1.11e+18
19551300.0,1.07e+18,1.01e+18,1.14e+18,1.11e+18
19552500.0,1.07e+18,1.01e+18,1.14e+18,1.11e+18
19553700.0,1.07e+18,1.01e+18,1.14e+18,1.11e+18
19554900.0,1.07e+18,1.01e+18,1.14e+18,1.11e+18
19556100.0,1.07e+18,1.01e+18,1.14e+18,1.11e+18
19557300.0,1.07e+18,1.01e+18,1.14e+18,1.11e+18
19558500.0,1.07e+18,1.01e+18,1.14e+18,1.11e+18
19559700.0,1.07e+18,1.01e+18,1.14e+18,1.11e+18
19560900.0,1.07e+18,1.01e+18,1.14e+18,1.11e+18
19562100.0,1.07e+18,1.01e+18,1.14e+18,1.11e+18
19563300.0,1.07e+18,1.01e+18,1.14e+18,1.11e+18
19564500.0,1.07e+18,1.01e+18,1.14e+18,1.11e+18
19565700.0,1.07e+18,1.01e+18,1.14e+18,1.11e+18
19566900.0,1.07e+18,1.01e+18,1.14e+18,1.11e+18
19568100.0,1.07e+18,1.01e+18,1.14e+18,1.11e+18
19569300.0,1.07e+18,1.01e+18,1.14e+18,1.11e+18
19570500.0,1.07e+18,1.01e+18,1.14e+18,1.11e+18
19571700.0,1.07e+18,1.01e+18,1.14e+18,1.11e+18
19572900.0,1.07e+18,1.01e+18,1.14e+18,1.11e+18
19574100.0,1.07e+18,1.01e+18,1.14e+18,1.11e+18
19575300.0,1.07e+18,1.01e+18,1.14e+18,1.11e+18
19576500.0,1.07e+18,1.01e+18,1.14e+18,1.11e+18
19577700.0,1.07e+18,1.01e+18,1.14e+18,1.11e+18
19578900.0,1.07e+18,1.01e+18,1.14e+18,1.11e+18
19580100.0,1.07e+18,1.01e+18,1.14e+18,1.11e+18
19581300.0,1.07e+18,1.01e+18,1.14e+18,1.11e+18
19582500.0,1.07e+18,1.01e+18,1.14e+18,1.11e+18
19583700.0,1.07e+18,1.01e+18,1.14e+18,1.11e+18
19584900.0,1.07e+18,1.01e+18,1.14e+18,1.11e+18
19586100.0,1.07e+18,1.01e+18,1.14e+18,1.11e+18
19587300.0,1.07e+18,1.01e+18,1.14e+18,1.11e+18
19588500.0,1.07e+18,1.01e+18,1.14e+18,1.11e+18
19589700.0,1.07e+18,1.01e+18,1.14e+18,1.11e+18
19590900.0,1.07e+18,1.01e+18,1.14e+18,1.11e+18
19592100.0,1.07e+18,1.01e+18,1.14e+18,1.11e+18
19593300.0,1.07e+18,1.02e+18,1.14e+18,1.11e+18
19594500.0,1.07e+18,1.02e+18,1.14e+18,1.11e+18
19595700.0,1.07e+18,1.02e+18,1.14e+18,1.11e+18
19596900.0,1.07e+18,1.02e+18,1.14e+18,1.11e+18
19598100.0,1.07e+18,1.02e+18,1.14e+18,1.11e+18
19599300.0,1.07e+18,1.02e+18,1.14e+18,1.11e+18
19600500.0,1.07e+18,1.02e+18,1.14e+18,1.11e+18
19601700.0,1.07e+18,1.02e+18,1.14e+18,1.11e+18
19602900.0,1.07e+18,1.02e+18,1.14e+18,1.11e+18
19604100.0,1.07e+18,1.02e+18,1.14e+18,1.11e+18
19605300.0,1.07e+18,1.02e+18,1.14e+18,1.11e+18
19606500.0,1.07e+18,1.02e+18,1.14e+18,1.11e+18
19607700.0,1.07e+18,1.02e+18,1.14e+18,1.11e+18
19608900.0,1.07e+18,1.02e+18,1.14e+18,1.11e+18
19610100.0,1.07e+18,1.02e+18,1.14e+18,1.11e+18
19611300.0,1.07e+18,1.02e+18,1.14e+18,1.11e+18
19612500.0,1.07e+18,1.03e+18,1.14e+18,1.11e+18
19613211.0,1.07e+18,1.03e+18,1.14e+18,1.11e+18
19613700.0,1.07e+18,1.03e+18,1.14e+18,1.11e+18
19614900.0,1.07e+18,1.03e+18,1.14e+18,1.11e+18
19616100.0,1.07e+18,1.03e+18,1.14e+18,1.11e+18
19617300.0,1.07e+18,1.03e+18,1.14e+18,1.11e+18
19618500.0,1.08e+18,1.03e+18,1.14e+18,1.11e+18
19619235.0,1.08e+18,1.03e+18,1.14e+18,1.11e+18
19619700.0,1.08e+18,1.03e+18,1.14e+18,1.11e+18
19620900.0,1.08e+18,1.03e+18,1.14e+18,1.11e+18
19622100.0,1.08e+18,1.03e+18,1.14e+18,1.11e+18
19623300.0,1.08e+18,1.03e+18,1.14e+18,1.11e+18
19624500.0,1.08e+18,1.03e+18,1.14e+18,1.11e+18
19625700.0,1.08e+18,1.03e+18,1.14e+18,1.11e+18
19626900.0,1.08e+18,1.03e+18,1.14e+18,1.11e+18
19628100.0,1.08e+18,1.03e+18,1.14e+18,1.11e+18
19629300.0,1.08e+18,1.03e+18,1.14e+18,1.11e+18
19630500.0,1.08e+18,1.03e+18,1.14e+18,1.11e+18
19631700.0,1.08e+18,1.03e+18,1.14e+18,1.11e+18
19632900.0,1.08e+18,1.03e+18,1.14e+18,1.11e+18
19634100.0,1.08e+18,1.03e+18,1.14e+18,1.11e+18
19637700.0,1.08e+18,1.03e+18,1.14e+18,1.11e+18
19638900.0,1.08e+18,1.03e+18,1.14e+18,1.11e+18
19640100.0,1.08e+18,1.03e+18,1.14e+18,1.11e+18
19641300.0,1.08e+18,1.03e+18,1.14e+18,1.11e+18
19642500.0,1.08e+18,1.03e+18,1.14e+18,1.11e+18
19643700.0,1.08e+18,1.03e+18,1.14e+18,1.11e+18
19644900.0,1.08e+18,1.03e+18,1.14e+18,1.11e+18
19646100.0,1.08e+18,1.03e+18,1.14e+18,1.11e+18
19647300.0,1.08e+18,1.03e+18,1.14e+18,1.11e+18
19648500.0,1.08e+18,1.03e+18,1.14e+18,1.11e+18
19649700.0,1.08e+18,1.03e+18,1.14e+18,1.11e+18
19650900.0,1.08e+18,1.03e+18,1.14e+18,1.11e+18
19652100.0,1.08e+18,1.03e+18,1.14e+18,1.11e+18
19653300.0,1.08e+18,1.03e+18,1.14e+18,1.11e+18
19654500.0,1.08e+18,1.03e+18,1.14e+18,1.11e+18
19655700.0,1.08e+18,1.03e+18,1.14e+18,1.11e+18
19656900.0,1.08e+18,1.03e+18,1.14e+18,1.11e+18
19658100.0,1.08e+18,1.03e+18,1.14e+18,1.11e+18
19659300.0,1.08e+18,1.03e+18,1.14e+18,1.11e+18
19660500.0,1.08e+18,1.03e+18,1.14e+18,1.11e+18
19661700.0,1.08e+18,1.03e+18,1.14e+18,1.11e+18
19662900.0,1.08e+18,1.03e+18,1.14e+18,1.11e+18
19663222.0,1.08e+18,1.03e+18,1.14e+18,1.11e+18
19664100.0,1.08e+18,1.03e+18,1.14e+18,1.11e+18
19665300.0,1.08e+18,1.03e+18,1.14e+18,1.11e+18
19666500.0,1.08e+18,1.03e+18,1.14e+18,1.11e+18
19667700.0,1.08e+18,1.03e+18,1.14e+18,1.11e+18
19668900.0,1.08e+18,1.03e+18,1.14e+18,1.11e+18
19670100.0,1.08e+18,1.03e+18,1.14e+18,1.11e+18
19671300.0,1.08e+18,1.03e+18,1.14e+18,1.11e+18
19672500.0,1.08e+18,1.03e+18,1.14e+18,1.11e+18
19673700.0,1.08e+18,1.03e+18,1.14e+18,1.11e+18
19674900.0,1.08e+18,1.03e+18,1.14e+18,1.11e+18
19676100.0,1.08e+18,1.03e+18,1.14e+18,1.11e+18
19677300.0,1.08e+18,1.03e+18,1.14e+18,1.11e+18
19678500.0,1.08e+18,1.03e+18,1.14e+18,1.11e+18
19679700.0,1.08e+18,1.03e+18,1.14e+18,1.11e+18
19680900.0,1.08e+18,1.03e+18,1.14e+18,1.11e+18
19682100.0,1.08e+18,1.03e+18,1.14e+18,1.11e+18
19683300.0,1.08e+18,1.03e+18,1.14e+18,1.11e+18
19684500.0,1.08e+18,1.03e+18,1.14e+18,1.11e+18
19685700.0,1.08e+18,1.03e+18,1.14e+18,1.11e+18
19686900.0,1.08e+18,1.03e+18,1.14e+18,1.11e+18
19688100.0,1.08e+18,1.03e+18,1.14e+18,1.11e+18
19689300.0,1.08e+18,1.03e+18,1.14e+18,1.11e+18
19690500.0,1.08e+18,1.03e+18,1.14e+18,1.11e+18
19691700.0,1.08e+18,1.03e+18,1.14e+18,1.11e+18
19692900.0,1.08e+18,1.03e+18,1.14e+18,1.11e+18
19694100.0,1.08e+18,1.03e+18,1.14e+18,1.11e+18
19695300.0,1.08e+18,1.03e+18,1.14e+18,1.11e+18
19696500.0,1.08e+18,1.03e+18,1.14e+18,1.11e+18
19697700.0,1.08e+18,1.03e+18,1.14e+18,1.11e+18
19698900.0,1.08e+18,1.03e+18,1.14e+18,1.11e+18
19700100.0,1.08e+18,1.03e+18,1.14e+18,1.11e+18
19701300.0,1.08e+18,1.03e+18,1.14e+18,1.11e+18
19702500.0,1.08e+18,1.03e+18,1.15e+18,1.11e+18
19703700.0,1.08e+18,1.03e+18,1.15e+18,1.11e+18
19704900.0,1.08e+18,1.03e+18,1.15e+18,1.11e+18
19706100.0,1.08e+18,1.03e+18,1.15e+18,1.11e+18
19707300.0,1.08e+18,1.04e+18,1.15e+18,1.11e+18
19708500.0,1.08e+18,1.04e+18,1.15e+18,1.11e+18
19709700.0,1.08e+18,1.04e+18,1.15e+18,1.11e+18
19710900.0,1.08e+18,1.04e+18,1.15e+18,1.11e+18
19712100.0,1.08e+18,1.04e+18,1.15e+18,1.11e+18
19713300.0,1.08e+18,1.04e+18,1.15e+18,1.11e+18
19714500.0,1.08e+18,1.04e+18,1.15e+18,1.11e+18
19715700.0,1.08e+18,1.04e+18,1.15e+18,1.11e+18
19716900.0,1.08e+18,1.04e+18,1.15e+18,1.11e+18
19718100.0,1.08e+18,1.04e+18,1.15e+18,1.11e+18
19719300.0,1.08e+18,1.04e+18,1.15e+18,1.11e+18
19720500.0,1.08e+18,1.04e+18,1.15e+18,1.11e+18
19721700.0,1.08e+18,1.04e+18,1.15e+18,1.11e+18
19722900.0,1.08e+18,1.04e+18,1.15e+18,1.11e+18
19724100.0,1.08e+18,1.04e+18,1.15e+18,1.11e+18
19725300.0,1.08e+18,1.04e+18,1.15e+18,1.11e+18
19726500.0,1.08e+18,1.04e+18,1.15e+18,1.11e+18
19727700.0,1.08e+18,1.04e+18,1.15e+18,1.11e+18
19728900.0,1.08e+18,1.04e+18,1.15e+18,1.11e+18
19730100.0,1.08e+18,1.04e+18,1.15e+18,1.11e+18
19731300.0,1.08e+18,1.04e+18,1.15e+18,1.11e+18
19732500.0,1.08e+18,1.04e+18,1.15e+18,1.11e+18
19733700.0,1.08e+18,1.04e+18,1.15e+18,1.11e+18
19734900.0,1.08e+18,1.04e+18,1.15e+18,1.11e+18
19736100.0,1.08e+18,1.04e+18,1.15e+18,1.11e+18
19737300.0,1.08e+18,1.04e+18,1.15e+18,1.11e+18
19738500.0,1.08e+18,1.04e+18,1.15e+18,1.11e+18
19739700.0,1.08e+18,1.04e+18,1.15e+18,1.11e+18
19740900.0,1.08e+18,1.04e+18,1.15e+18,1.11e+18
19742100.0,1.08e+18,1.04e+18,1.15e+18,1.11e+18
19743300.0,1.08e+18,1.04e+18,1.15e+18,1.11e+18
19744500.0,1.08e+18,1.04e+18,1.15e+18,1.11e+18
19745700.0,1.08e+18,1.04e+18,1.15e+18,1.11e+18
19746900.0,1.08e+18,1.04e+18,1.15e+18,1.11e+18
19748100.0,1.08e+18,1.04e+18,1.15e+18,1.11e+18
19749300.0,1.08e+18,1.04e+18,1.15e+18,1.11e+18
19750500.0,1.08e+18,1.04e+18,1.15e+18,1.11e+18
19751700.0,1.08e+18,1.04e+18,1.15e+18,1.11e+18
19752900.0,1.08e+18,1.04e+18,1.15e+18,1.11e+18
19754100.0,1.08e+18,1.04e+18,1.15e+18,1.11e+18
19755300.0,1.08e+18,1.04e+18,1.15e+18,1.11e+18
19756500.0,1.08e+18,1.04e+18,1.15e+18,1.11e+18
19757700.0,1.08e+18,1.04e+18,1.15e+18,1.11e+18
19758900.0,1.08e+18,1.04e+18,1.15e+18,1.11e+18
19760100.0,1.08e+18,1.04e+18,1.15e+18,1.11e+18
19761300.0,1.08e+18,1.04e+18,1.15e+18,1.11e+18
19762500.0,1.08e+18,1.04e+18,1.15e+18,1.11e+18
19763700.0,1.08e+18,1.04e+18,1.15e+18,1.11e+18
19764900.0,1.08e+18,1.04e+18,1.15e+18,1.11e+18
19766100.0,1.08e+18,1.04e+18,1.15e+18,1.11e+18
19767300.0,1.08e+18,1.04e+18,1.15e+18,1.11e+18
19768500.0,1.08e+18,1.04e+18,1.15e+18,1.11e+18
19769700.0,1.08e+18,1.04e+18,1.15e+18,1.11e+18
19770900.0,1.08e+18,1.04e+18,1.15e+18,1.11e+18
19772100.0,1.08e+18,1.04e+18,1.15e+18,1.11e+18
19773300.0,1.08e+18,1.04e+18,1.15e+18,1.11e+18
19774500.0,1.08e+18,1.04e+18,1.15e+18,1.11e+18
19775700.0,1.08e+18,1.04e+18,1.15e+18,1.11e+18
19776900.0,1.08e+18,1.04e+18,1.15e+18,1.11e+18
19778100.0,1.09e+18,1.04e+18,1.15e+18,1.11e+18
19779300.0,1.09e+18,1.04e+18,1.15e+18,1.11e+18
19780500.0,1.09e+18,1.04e+18,1.15e+18,1.11e+18
19781700.0,1.09e+18,1.04e+18,1.15e+18,1.11e+18
19782900.0,1.09e+18,1.04e+18,1.15e+18,1.11e+18
19784100.0,1.09e+18,1.04e+18,1.15e+18,1.11e+18
19785300.0,1.09e+18,1.04e+18,1.15e+18,1.11e+18
19786500.0,1.09e+18,1.04e+18,1.15e+18,1.11e+18
19787700.0,1.09e+18,1.04e+18,1.15e+18,1.11e+18
19788900.0,1.09e+18,1.04e+18,1.15e+18,1.11e+18
19790100.0,1.09e+18,1.04e+18,1.15e+18,1.11e+18
19791300.0,1.09e+18,1.04e+18,1.15e+18,1.11e+18
19792500.0,1.09e+18,1.04e+18,1.15e+18,1.11e+18
19793700.0,1.09e+18,1.04e+18,1.15e+18,1.11e+18
19794900.0,1.09e+18,1.04e+18,1.15e+18,1.11e+18
19796100.0,1.09e+18,1.04e+18,1.15e+18,1.11e+18
19797300.0,1.09e+18,1.04e+18,1.15e+18,1.11e+18
19798500.0,1.09e+18,1.04e+18,1.15e+18,1.11e+18
19799700.0,1.09e+18,1.04e+18,1.15e+18,1.11e+18
19800900.0,1.09e+18,1.04e+18,1.15e+18,1.11e+18
19802100.0,1.09e+18,1.04e+18,1.15e+18,1.11e+18
19803300.0,1.09e+18,1.04e+18,1.15e+18,1.11e+18
19804500.0,1.09e+18,1.04e+18,1.15e+18,1.11e+18
19805700.0,1.09e+18,1.04e+18,1.15e+18,1.11e+18
19806900.0,1.09e+18,1.04e+18,1.15e+18,1.11e+18
19808100.0,1.09e+18,1.04e+18,1.15e+18,1.11e+18
19809300.0,1.09e+18,1.04e+18,1.15e+18,1.11e+18
19810500.0,1.09e+18,1.04e+18,1.15e+18,1.11e+18
19811700.0,1.09e+18,1.04e+18,1.15e+18,1.11e+18
19812900.0,1.09e+18,1.04e+18,1.15e+18,1.11e+18
19814100.0,1.09e+18,1.04e+18,1.15e+18,1.11e+18
19815300.0,1.09e+18,1.04e+18,1.15e+18,1.11e+18
19816500.0,1.09e+18,1.04e+18,1.15e+18,1.11e+18
19817700.0,1.09e+18,1.04e+18,1.15e+18,1.11e+18
19818900.0,1.09e+18,1.04e+18,1.15e+18,1.11e+18
19820100.0,1.09e+18,1.04e+18,1.15e+18,1.11e+18
19821300.0,1.09e+18,1.04e+18,1.15e+18,1.11e+18
19822500.0,1.09e+18,1.04e+18,1.15e+18,1.11e+18
19823700.0,1.09e+18,1.04e+18,1.15e+18,1.11e+18
19824900.0,1.09e+18,1.04e+18,1.15e+18,1.11e+18
19826100.0,1.09e+18,1.04e+18,1.15e+18,1.11e+18
19827300.0,1.09e+18,1.04e+18,1.15e+18,1.11e+18
19828500.0,1.09e+18,1.04e+18,1.15e+18,1.11e+18
19829700.0,1.09e+18,1.04e+18,1.15e+18,1.11e+18
19830900.0,1.09e+18,1.04e+18,1.15e+18,1.11e+18
19832100.0,1.09e+18,1.04e+18,1.15e+18,1.11e+18
19833300.0,1.09e+18,1.04e+18,1.15e+18,1.11e+18
19834500.0,1.09e+18,1.04e+18,1.15e+18,1.11e+18
19835700.0,1.09e+18,1.04e+18,1.15e+18,1.11e+18
19836900.0,1.09e+18,1.04e+18,1.15e+18,1.11e+18
19838100.0,1.09e+18,1.04e+18,1.15e+18,1.11e+18
19839300.0,1.09e+18,1.04e+18,1.15e+18,1.11e+18
19840500.0,1.09e+18,1.04e+18,1.16e+18,1.11e+18
19841700.0,1.09e+18,1.04e+18,1.16e+18,1.11e+18
19842900.0,1.09e+18,1.04e+18,1.16e+18,1.11e+18
19844100.0,1.09e+18,1.04e+18,1.16e+18,1.11e+18
19845300.0,1.09e+18,1.04e+18,1.16e+18,1.11e+18
19846500.0,1.09e+18,1.04e+18,1.16e+18,1.11e+18
19847700.0,1.09e+18,1.04e+18,1.16e+18,1.11e+18
19848900.0,1.09e+18,1.04e+18,1.16e+18,1.11e+18
19850100.0,1.09e+18,1.04e+18,1.16e+18,1.11e+18
19851300.0,1.09e+18,1.04e+18,1.16e+18,1.11e+18
19852500.0,1.09e+18,1.04e+18,1.16e+18,1.11e+18
19853700.0,1.09e+18,1.04e+18,1.16e+18,1.11e+18
19854900.0,1.09e+18,1.04e+18,1.16e+18,1.11e+18
19856100.0,1.09e+18,1.04e+18,1.16e+18,1.11e+18
19857300.0,1.09e+18,1.04e+18,1.16e+18,1.11e+18
19858500.0,1.09e+18,1.04e+18,1.16e+18,1.11e+18
19859700.0,1.09e+18,1.04e+18,1.16e+18,1.11e+18
19860900.0,1.09e+18,1.04e+18,1.16e+18,1.11e+18
19862100.0,1.09e+18,1.04e+18,1.16e+18,1.11e+18
19863300.0,1.09e+18,1.04e+18,1.16e+18,1.11e+18
19864500.0,1.09e+18,1.04e+18,1.16e+18,1.11e+18
19865700.0,1.09e+18,1.04e+18,1.16e+18,1.11e+18
19866900.0,1.09e+18,1.04e+18,1.16e+18,1.11e+18
19868100.0,1.09e+18,1.04e+18,1.16e+18,1.11e+18
19869300.0,1.09e+18,1.04e+18,1.16e+18,1.11e+18
19870500.0,1.09e+18,1.04e+18,1.16e+18,1.11e+18
19871700.0,1.09e+18,1.04e+18,1.16e+18,1.11e+18
19872900.0,1.09e+18,1.04e+18,1.16e+18,1.11e+18
19874100.0,1.09e+18,1.04e+18,1.16e+18,1.11e+18
19875300.0,1.09e+18,1.04e+18,1.16e+18,1.11e+18
19876500.0,1.09e+18,1.04e+18,1.16e+18,1.11e+18
19877700.0,1.09e+18,1.04e+18,1.16e+18,1.11e+18
19878900.0,1.09e+18,1.04e+18,1.16e+18,1.11e+18
19879703.0,1.09e+18,1.04e+18,1.16e+18,1.11e+18
19880100.0,1.09e+18,1.04e+18,1.16e+18,1.11e+18
19881300.0,1.09e+18,1.04e+18,1.16e+18,1.11e+18
19882500.0,1.09e+18,1.04e+18,1.16e+18,1.11e+18
19883700.0,1.09e+18,1.04e+18,1.16e+18,1.11e+18
19884900.0,1.09e+18,1.04e+18,1.16e+18,1.11e+18
19886100.0,1.09e+18,1.04e+18,1.16e+18,1.11e+18
19887300.0,1.09e+18,1.04e+18,1.16e+18,1.11e+18
19888500.0,1.09e+18,1.05e+18,1.16e+18,1.11e+18
19889700.0,1.09e+18,1.05e+18,1.16e+18,1.11e+18
19890900.0,1.09e+18,1.05e+18,1.16e+18,1.11e+18
19892100.0,1.09e+18,1.05e+18,1.16e+18,1.11e+18
19893300.0,1.09e+18,1.05e+18,1.16e+18,1.11e+18
19894500.0,1.09e+18,1.05e+18,1.16e+18,1.11e+18
19895700.0,1.09e+18,1.05e+18,1.16e+18,1.11e+18
19896900.0,1.09e+18,1.05e+18,1.16e+18,1.11e+18
19898100.0,1.09e+18,1.05e+18,1.16e+18,1.11e+18
19899300.0,1.09e+18,1.05e+18,1.16e+18,1.11e+18
19900500.0,1.09e+18,1.05e+18,1.16e+18,1.11e+18
19901700.0,1.09e+18,1.05e+18,1.16e+18,1.11e+18
19902900.0,1.09e+18,1.05e+18,1.16e+18,1.11e+18
19904100.0,1.09e+18,1.05e+18,1.16e+18,1.11e+18
19905300.0,1.09e+18,1.05e+18,1.16e+18,1.11e+18
19906500.0,1.09e+18,1.05e+18,1.16e+18,1.11e+18
19907700.0,1.09e+18,1.05e+18,1.16e+18,1.11e+18
19908900.0,1.09e+18,1.05e+18,1.16e+18,1.11e+18
19910100.0,1.09e+18,1.05e+18,1.16e+18,1.11e+18
19911300.0,1.09e+18,1.05e+18,1.16e+18,1.11e+18
19912500.0,1.09e+18,1.05e+18,1.16e+18,1.11e+18
19913700.0,1.09e+18,1.05e+18,1.16e+18,1.11e+18
19914900.0,1.1e+18,1.05e+18,1.16e+18,1.11e+18
19916100.0,1.1e+18,1.05e+18,1.16e+18,1.11e+18
19917300.0,1.1e+18,1.05e+18,1.16e+18,1.11e+18
19918500.0,1.1e+18,1.05e+18,1.16e+18,1.11e+18
19919700.0,1.1e+18,1.05e+18,1.16e+18,1.11e+18
19920900.0,1.1e+18,1.05e+18,1.16e+18,1.11e+18
19922100.0,1.1e+18,1.05e+18,1.16e+18,1.11e+18
19923300.0,1.1e+18,1.05e+18,1.16e+18,1.11e+18
19924500.0,1.1e+18,1.05e+18,1.16e+18,1.11e+18
19925700.0,1.1e+18,1.05e+18,1.16e+18,1.11e+18
19926900.0,1.1e+18,1.05e+18,1.16e+18,1.11e+18
19928100.0,1.1e+18,1.05e+18,1.16e+18,1.11e+18
19929300.0,1.1e+18,1.05e+18,1.16e+18,1.11e+18
19930500.0,1.1e+18,1.05e+18,1.16e+18,1.11e+18
19931700.0,1.1e+18,1.05e+18,1.16e+18,1.11e+18
19932900.0,1.1e+18,1.05e+18,1.16e+18,1.11e+18
19934100.0,1.1e+18,1.05e+18,1.16e+18,1.11e+18
19935300.0,1.1e+18,1.05e+18,1.16e+18,1.11e+18
19936500.0,1.1e+18,1.05e+18,1.16e+18,1.11e+18
19937700.0,1.1e+18,1.05e+18,1.16e+18,1.11e+18
19938900.0,1.1e+18,1.05e+18,1.16e+18,1.11e+18
19940100.0,1.1e+18,1.05e+18,1.16e+18,1.11e+18
19941300.0,1.1e+18,1.05e+18,1.16e+18,1.11e+18
19942500.0,1.1e+18,1.05e+18,1.16e+18,1.11e+18
19943700.0,1.1e+18,1.05e+18,1.16e+18,1.11e+18
19944900.0,1.1e+18,1.05e+18,1.16e+18,1.11e+18
19946100.0,1.1e+18,1.05e+18,1.16e+18,1.11e+18
19947300.0,1.1e+18,1.05e+18,1.16e+18,1.11e+18
19948500.0,1.1e+18,1.05e+18,1.16e+18,1.11e+18
19949700.0,1.1e+18,1.05e+18,1.16e+18,1.11e+18
19950900.0,1.1e+18,1.05e+18,1.16e+18,1.11e+18
19952100.0,1.1e+18,1.05e+18,1.16e+18,1.11e+18
19953300.0,1.1e+18,1.05e+18,1.16e+18,1.11e+18
19954500.0,1.1e+18,1.05e+18,1.16e+18,1.11e+18
19955700.0,1.1e+18,1.05e+18,1.16e+18,1.11e+18
19956900.0,1.1e+18,1.05e+18,1.16e+18,1.11e+18
19958100.0,1.1e+18,1.05e+18,1.16e+18,1.11e+18
19959300.0,1.1e+18,1.05e+18,1.16e+18,1.11e+18
19960500.0,1.1e+18,1.05e+18,1.16e+18,1.11e+18
19961700.0,1.1e+18,1.05e+18,1.16e+18,1.11e+18
19962900.0,1.1e+18,1.05e+18,1.16e+18,1.11e+18
19964100.0,1.1e+18,1.05e+18,1.16e+18,1.11e+18
19965300.0,1.1e+18,1.05e+18,1.16e+18,1.11e+18
19966500.0,1.1e+18,1.05e+18,1.16e+18,1.11e+18
19967700.0,1.1e+18,1.05e+18,1.16e+18,1.11e+18
19968900.0,1.1e+18,1.05e+18,1.17e+18,1.11e+18
19970100.0,1.1e+18,1.05e+18,1.17e+18,1.11e+18
19971300.0,1.1e+18,1.05e+18,1.17e+18,1.11e+18
19972500.0,1.1e+18,1.05e+18,1.17e+18,1.11e+18
19973700.0,1.1e+18,1.05e+18,1.17e+18,1.11e+18
19974900.0,1.1e+18,1.05e+18,1.17e+18,1.11e+18
19976100.0,1.1e+18,1.05e+18,1.17e+18,1.11e+18
19977300.0,1.1e+18,1.05e+18,1.17e+18,1.11e+18
19978500.0,1.1e+18,1.05e+18,1.17e+18,1.11e+18
19979700.0,1.1e+18,1.06e+18,1.17e+18,1.11e+18
19980900.0,1.1e+18,1.06e+18,1.17e+18,1.11e+18
19982100.0,1.1e+18,1.06e+18,1.17e+18,1.11e+18
19983300.0,1.1e+18,1.06e+18,1.17e+18,1.11e+18
19984500.0,1.1e+18,1.06e+18,1.17e+18,1.11e+18
19985700.0,1.1e+18,1.07e+18,1.17e+18,1.11e+18
19986900.0,1.1e+18,1.07e+18,1.17e+18,1.11e+18
19988100.0,1.1e+18,1.07e+18,1.17e+18,1.11e+18
19989300.0,1.1e+18,1.07e+18,1.17e+18,1.11e+18
19990500.0,1.1e+18,1.07e+18,1.17e+18,1.11e+18
19991700.0,1.1e+18,1.08e+18,1.17e+18,1.11e+18
19992900.0,1.1e+18,1.08e+18,1.17e+18,1.11e+18
19994100.0,1.1e+18,1.08e+18,1.17e+18,1.11e+18
19995300.0,1.1e+18,1.08e+18,1.17e+18,1.11e+18
19996500.0,1.1e+18,1.08e+18,1.17e+18,1.11e+18
19997700.0,1.1e+18,1.09e+18,1.17e+18,1.11e+18
19998900.0,1.1e+18,1.09e+18,1.17e+18,1.11e+18
20000100.0,1.1e+18,1.09e+18,1.17e+18,1.11e+18
20001300.0,1.1e+18,1.09e+18,1.17e+18,1.11e+18
20002500.0,1.1e+18,1.09e+18,1.17e+18,1.11e+18
20003700.0,1.1e+18,1.09e+18,1.17e+18,1.11e+18
20004900.0,1.1e+18,1.1e+18,1.17e+18,1.11e+18
20006100.0,1.1e+18,1.1e+18,1.17e+18,1.11e+18
20007300.0,1.1e+18,1.1e+18,1.17e+18,1.11e+18
20008500.0,1.1e+18,1.1e+18,1.17e+18,1.11e+18
20009700.0,1.1e+18,1.1e+18,1.17e+18,1.11e+18
20010900.0,1.1e+18,1.1e+18,1.17e+18,1.11e+18
20012100.0,1.1e+18,1.11e+18,1.17e+18,1.11e+18
20013300.0,1.1e+18,1.11e+18,1.17e+18,1.11e+18
20014500.0,1.1e+18,1.11e+18,1.17e+18,1.11e+18
20015700.0,1.1e+18,1.11e+18,1.17e+18,1.11e+18
20016900.0,1.1e+18,1.11e+18,1.17e+18,1.11e+18
20018100.0,1.1e+18,1.11e+18,1.17e+18,1.11e+18
20019300.0,1.1e+18,1.12e+18,1.17e+18,1.11e+18
20020500.0,1.1e+18,1.12e+18,1.17e+18,1.11e+18
20021700.0,1.1e+18,1.12e+18,1.17e+18,1.11e+18
20022900.0,1.1e+18,1.12e+18,1.17e+18,1.11e+18
20024100.0,1.1e+18,1.12e+18,1.17e+18,1.11e+18
20025300.0,1.1e+18,1.12e+18,1.17e+18,1.11e+18
20026500.0,1.1e+18,1.12e+18,1.17e+18,1.11e+18
20027700.0,1.1e+18,1.12e+18,1.17e+18,1.11e+18
20028900.0,1.1e+18,1.12e+18,1.17e+18,1.11e+18
20030100.0,1.1e+18,1.12e+18,1.17e+18,1.11e+18
20031300.0,1.1e+18,1.12e+18,1.17e+18,1.11e+18
20032500.0,1.1e+18,1.12e+18,1.17e+18,1.11e+18
20033700.0,1.1e+18,1.12e+18,1.17e+18,1.11e+18
20034900.0,1.1e+18,1.12e+18,1.17e+18,1.11e+18
20036100.0,1.1e+18,1.12e+18,1.17e+18,1.11e+18
20037300.0,1.1e+18,1.12e+18,1.17e+18,1.11e+18
20038500.0,1.1e+18,1.12e+18,1.17e+18,1.11e+18
20039700.0,1.1e+18,1.12e+18,1.17e+18,1.11e+18
20040900.0,1.1e+18,1.12e+18,1.17e+18,1.11e+18
20042100.0,1.1e+18,1.12e+18,1.17e+18,1.11e+18
20043300.0,1.1e+18,1.12e+18,1.17e+18,1.11e+18
20044500.0,1.1e+18,1.12e+18,1.17e+18,1.11e+18
20045700.0,1.1e+18,1.12e+18,1.17e+18,1.11e+18
20046900.0,1.1e+18,1.12e+18,1.17e+18,1.11e+18
20048100.0,1.1e+18,1.12e+18,1.17e+18,1.11e+18
20049300.0,1.1e+18,1.12e+18,1.17e+18,1.11e+18
20050500.0,1.1e+18,1.12e+18,1.17e+18,1.11e+18
20051700.0,1.1e+18,1.12e+18,1.17e+18,1.11e+18
20052900.0,1.1e+18,1.12e+18,1.18e+18,1.11e+18
20054100.0,1.1e+18,1.12e+18,1.18e+18,1.11e+18
20055300.0,1.1e+18,1.12e+18,1.18e+18,1.11e+18
20056500.0,1.1e+18,1.12e+18,1.18e+18,1.11e+18
20057700.0,1.1e+18,1.12e+18,1.18e+18,1.11e+18
20058900.0,1.1e+18,1.12e+18,1.18e+18,1.11e+18
20060100.0,1.1e+18,1.12e+18,1.18e+18,1.11e+18
20061300.0,1.1e+18,1.12e+18,1.18e+18,1.11e+18
20062500.0,1.1e+18,1.12e+18,1.18e+18,1.11e+18
20063700.0,1.1e+18,1.12e+18,1.18e+18,1.11e+18
20064900.0,1.1e+18,1.12e+18,1.18e+18,1.11e+18
20066100.0,1.1e+18,1.12e+18,1.18e+18,1.11e+18
20067300.0,1.1e+18,1.12e+18,1.18e+18,1.11e+18
20068500.0,1.1e+18,1.12e+18,1.18e+18,1.11e+18
20069700.0,1.1e+18,1.12e+18,1.18e+18,1.11e+18
20070900.0,1.11e+18,1.12e+18,1.18e+18,1.11e+18
20072100.0,1.11e+18,1.12e+18,1.18e+18,1.11e+18
20073300.0,1.11e+18,1.12e+18,1.18e+18,1.11e+18
20074500.0,1.11e+18,1.12e+18,1.18e+18,1.11e+18
20075700.0,1.11e+18,1.12e+18,1.18e+18,1.11e+18
20076900.0,1.11e+18,1.12e+18,1.18e+18,1.11e+18
20078100.0,1.11e+18,1.12e+18,1.18e+18,1.11e+18
20079300.0,1.11e+18,1.12e+18,1.18e+18,1.11e+18
20080100.0,1.11e+18,1.12e+18,1.18e+18,1.11e+18
20080101.0,1.11e+18,1.12e+18,1.18e+18,1.11e+18
20080102.0,1.11e+18,1.12e+18,1.18e+18,1.11e+18
20080103.0,1.11e+18,1.12e+18,1.18e+18,1.11e+18
20080104.0,1.11e+18,1.12e+18,1.18e+18,1.11e+18
20080105.0,1.11e+18,1.12e+18,1.18e+18,1.11e+18
20080106.0,1.11e+18,1.12e+18,1.18e+18,1.11e+18
20080107.0,1.11e+18,1.12e+18,1.18e+18,1.11e+18
20080108.0,1.11e+18,1.12e+18,1.18e+18,1.11e+18
20080109.0,1.11e+18,1.12e+18,1.18e+18,1.11e+18
20080110.0,1.11e+18,1.12e+18,1.18e+18,1.11e+18
20080111.0,1.11e+18,1.12e+18,1.18e+18,1.11e+18
20080112.0,1.11e+18,1.12e+18,1.18e+18,1.11e+18
20080113.0,1.11e+18,1.12e+18,1.18e+18,1.11e+18
20080114.0,1.11e+18,1.12e+18,1.18e+18,1.11e+18
20080115.0,1.11e+18,1.12e+18,1.18e+18,1.11e+18
20080116.0,1.11e+18,1.12e+18,1.18e+18,1.11e+18
20080117.0,1.11e+18,1.12e+18,1.18e+18,1.11e+18
20080118.0,1.11e+18,1.12e+18,1.18e+18,1.11e+18
20080119.0,1.11e+18,1.12e+18,1.18e+18,1.11e+18
20080120.0,1.11e+18,1.12e+18,1.18e+18,1.11e+18
20080121.0,1.11e+18,1.12e+18,1.18e+18,1.11e+18
20080122.0,1.11e+18,1.12e+18,1.18e+18,1.11e+18
20080123.0,1.11e+18,1.12e+18,1.18e+18,1.11e+18
20080124.0,1.11e+18,1.12e+18,1.18e+18,1.11e+18
20080125.0,1.11e+18,1.12e+18,1.18e+18,1.11e+18
20080126.0,1.11e+18,1.12e+18,1.18e+18,1.11e+18
20080127.0,1.11e+18,1.12e+18,1.18e+18,1.11e+18
20080128.0,1.11e+18,1.12e+18,1.18e+18,1.11e+18
20080129.0,1.11e+18,1.12e+18,1.18e+18,1.11e+18
20080130.0,1.11e+18,1.12e+18,1.18e+18,1.11e+18
20080131.0,1.11e+18,1.12e+18,1.18e+18,1.11e+18
20080132.0,1.11e+18,1.12e+18,1.18e+18,1.11e+18
20080133.0,1.11e+18,1.12e+18,1.18e+18,1.11e+18
20080134.0,1.11e+18,1.12e+18,1.18e+18,1.11e+18
20080135.0,1.11e+18,1.12e+18,1.18e+18,1.11e+18
20080136.0,1.11e+18,1.12e+18,1.18e+18,1.11e+18
20080137.0,1.11e+18,1.12e+18,1.18e+18,1.11e+18
20080138.0,1.11e+18,1.12e+18,1.18e+18,1.11e+18
20080139.0,1.11e+18,1.12e+18,1.18e+18,1.11e+18
20080140.0,1.11e+18,1.12e+18,1.18e+18,1.11e+18
20080141.0,1.11e+18,1.12e+18,1.18e+18,1.11e+18
20080142.0,1.11e+18,1.12e+18,1.18e+18,1.11e+18
20080143.0,1.11e+18,1.12e+18,1.18e+18,1.11e+18
20080144.0,1.11e+18,1.12e+18,1.18e+18,1.11e+18
20080145.0,1.11e+18,1.12e+18,1.18e+18,1.11e+18
20080146.0,1.11e+18,1.12e+18,1.18e+18,1.11e+18
20080147.0,1.11e+18,1.12e+18,1.18e+18,1.11e+18
20080148.0,1.11e+18,1.12e+18,1.18e+18,1.11e+18
20080149.0,1.11e+18,1.12e+18,1.18e+18,1.11e+18
20080150.0,1.11e+18,1.12e+18,1.18e+18,1.11e+18
20080151.0,1.11e+18,1.12e+18,1.18e+18,1.11e+18
20080152.0,1.11e+18,1.12e+18,1.18e+18,1.11e+18
20080153.0,1.11e+18,1.12e+18,1.18e+18,1.11e+18
20080154.0,1.11e+18,1.12e+18,1.18e+18,1.11e+18
20080155.0,1.11e+18,1.12e+18,1.18e+18,1.11e+18
20080156.0,1.11e+18,1.12e+18,1.18e+18,1.11e+18
20080157.0,1.11e+18,1.12e+18,1.18e+18,1.11e+18
20080158.0,1.11e+18,1.12e+18,1.18e+18,1.11e+18
20080159.0,1.11e+18,1.12e+18,1.18e+18,1.11e+18
20080160.0,1.11e+18,1.12e+18,1.18e+18,1.11e+18
20080161.0,1.11e+18,1.12e+18,1.18e+18,1.11e+18
20080162.0,1.11e+18,1.12e+18,1.18e+18,1.11e+18
20080163.0,1.11e+18,1.12e+18,1.18e+18,1.11e+18
20080164.0,1.11e+18,1.12e+18,1.18e+18,1.11e+18
20080165.0,1.11e+18,1.12e+18,1.18e+18,1.11e+18
20080166.0,1.11e+18,1.12e+18,1.18e+18,1.11e+18
20080167.0,1.11e+18,1.12e+18,1.18e+18,1.11e+18
20080168.0,1.11e+18,1.12e+18,1.18e+18,1.11e+18
20080169.0,1.11e+18,1.12e+18,1.18e+18,1.11e+18
20080170.0,1.11e+18,1.12e+18,1.18e+18,1.11e+18
20080171.0,1.11e+18,1.12e+18,1.18e+18,1.11e+18
20080172.0,1.11e+18,1.12e+18,1.18e+18,1.11e+18
20080173.0,1.11e+18,1.12e+18,1.18e+18,1.11e+18
20080174.0,1.11e+18,1.12e+18,1.18e+18,1.11e+18
20080175.0,1.11e+18,1.12e+18,1.18e+18,1.11e+18
20080176.0,1.11e+18,1.12e+18,1.18e+18,1.11e+18
20080177.0,1.11e+18,1.12e+18,1.18e+18,1.11e+18
20080178.0,1.11e+18,1.12e+18,1.18e+18,1.11e+18
20080179.0,1.11e+18,1.12e+18,1.18e+18,1.11e+18
20080180.0,1.11e+18,1.12e+18,1.18e+18,1.11e+18
20080181.0,1.11e+18,1.12e+18,1.18e+18,1.11e+18
20080182.0,1.11e+18,1.12e+18,1.18e+18,1.11e+18
20080183.0,1.11e+18,1.12e+18,1.18e+18,1.11e+18
20080184.0,1.11e+18,1.12e+18,1.18e+18,1.11e+18
20080185.0,1.11e+18,1.12e+18,1.18e+18,1.11e+18
20080186.0,1.11e+18,1.12e+18,1.18e+18,1.11e+18
20080187.0,1.11e+18,1.12e+18,1.18e+18,1.11e+18
20080188.0,1.11e+18,1.12e+18,1.18e+18,1.11e+18
20080189.0,1.11e+18,1.12e+18,1.18e+18,1.11e+18
20080190.0,1.11e+18,1.12e+18,1.18e+18,1.11e+18
20080191.0,1.11e+18,1.12e+18,1.18e+18,1.11e+18
20080192.0,1.11e+18,1.12e+18,1.18e+18,1.11e+18
20080193.0,1.11e+18,1.12e+18,1.18e+18,1.11e+18
20080194.0,1.11e+18,1.12e+18,1.18e+18,1.11e+18
20080195.0,1.11e+18,1.12e+18,1.18e+18,1.11e+18
20080196.0,1.11e+18,1.12e+18,1.18e+18,1.11e+18
20080197.0,1.11e+18,1.12e+18,1.18e+18,1.11e+18
20080198.0,1.11e+18,1.12e+18,1.18e+18,1.11e+18
20080199.0,1.11e+18,1.12e+18,1.18e+18,1.11e+18
20080200.0,1.11e+18,1.12e+18,1.18e+18,1.11e+18
20080201.0,1.11e+18,1.12e+18,1.18e+18,1.11e+18
20080202.0,1.11e+18,1.12e+18,1.18e+18,1.11e+18
20080203.0,1.11e+18,1.12e+18,1.18e+18,1.11e+18
20080204.0,1.11e+18,1.12e+18,1.18e+18,1.11e+18
20080205.0,1.11e+18,1.12e+18,1.18e+18,1.11e+18
20080206.0,1.11e+18,1.12e+18,1.18e+18,1.11e+18
20080207.0,1.11e+18,1.12e+18,1.18e+18,1.11e+18
20080208.0,1.11e+18,1.12e+18,1.18e+18,1.11e+18
20080209.0,1.11e+18,1.12e+18,1.18e+18,1.11e+18
20080210.0,1.11e+18,1.12e+18,1.18e+18,1.11e+18
20080211.0,1.11e+18,1.12e+18,1.18e+18,1.11e+18
20080212.0,1.11e+18,1.12e+18,1.18e+18,1.11e+18
20080213.0,1.11e+18,1.12e+18,1.18e+18,1.11e+18
20080214.0,1.11e+18,1.12e+18,1.18e+18,1.11e+18
20080215.0,1.11e+18,1.12e+18,1.18e+18,1.11e+18
20080216.0,1.11e+18,1.12e+18,1.18e+18,1.11e+18
20080217.0,1.11e+18,1.12e+18,1.18e+18,1.11e+18
20080218.0,1.11e+18,1.12e+18,1.18e+18,1.11e+18
20080219.0,1.11e+18,1.12e+18,1.18e+18,1.11e+18
20080220.0,1.11e+18,1.12e+18,1.18e+18,1.11e+18
20080221.0,1.11e+18,1.12e+18,1.18e+18,1.11e+18
20080222.0,1.11e+18,1.12e+18,1.18e+18,1.11e+18
20080223.0,1.11e+18,1.12e+18,1.18e+18,1.11e+18
20080224.0,1.11e+18,1.12e+18,1.18e+18,1.11e+18
20080225.0,1.11e+18,1.12e+18,1.18e+18,1.11e+18
20080226.0,1.11e+18,1.12e+18,1.18e+18,1.11e+18
20080227.0,1.11e+18,1.12e+18,1.18e+18,1.11e+18
20080228.0,1.11e+18,1.12e+18,1.18e+18,1.11e+18
20080229.0,1.11e+18,1.12e+18,1.18e+18,1.11e+18
20080230.0,1.11e+18,1.12e+18,1.18e+18,1.11e+18
20080231.0,1.11e+18,1.12e+18,1.18e+18,1.11e+18
20080232.0,1.11e+18,1.12e+18,1.18e+18,1.11e+18
20080233.0,1.11e+18,1.12e+18,1.18e+18,1.11e+18
20080234.0,1.11e+18,1.12e+18,1.18e+18,1.11e+18
20080235.0,1.11e+18,1.12e+18,1.18e+18,1.11e+18
20080236.0,1.11e+18,1.12e+18,1.18e+18,1.11e+18
20080237.0,1.11e+18,1.12e+18,1.18e+18,1.11e+18
20080238.0,1.11e+18,1.12e+18,1.18e+18,1.11e+18
20080239.0,1.11e+18,1.12e+18,1.18e+18,1.11e+18
20080240.0,1.11e+18,1.12e+18,1.18e+18,1.11e+18
20080241.0,1.11e+18,1.12e+18,1.18e+18,1.11e+18
20080242.0,1.11e+18,1.12e+18,1.18e+18,1.11e+18
20080243.0,1.11e+18,1.12e+18,1.18e+18,1.11e+18
20080244.0,1.11e+18,1.12e+18,1.18e+18,1.11e+18
20080245.0,1.11e+18,1.12e+18,1.18e+18,1.11e+18
20080246.0,1.11e+18,1.12e+18,1.18e+18,1.11e+18
20080247.0,1.11e+18,1.12e+18,1.18e+18,1.11e+18
20080248.0,1.11e+18,1.12e+18,1.18e+18,1.11e+18
20080249.0,1.11e+18,1.12e+18,1.18e+18,1.11e+18
20080250.0,1.11e+18,1.12e+18,1.18e+18,1.11e+18
20080251.0,1.11e+18,1.12e+18,1.18e+18,1.11e+18
20080252.0,1.11e+18,1.12e+18,1.18e+18,1.11e+18
20080253.0,1.11e+18,1.12e+18,1.18e+18,1.11e+18
20080254.0,1.11e+18,1.12e+18,1.18e+18,1.11e+18
20080255.0,1.11e+18,1.12e+18,1.18e+18,1.11e+18
20080256.0,1.11e+18,1.12e+18,1.18e+18,1.11e+18
20080257.0,1.11e+18,1.12e+18,1.18e+18,1.11e+18
20080258.0,1.11e+18,1.12e+18,1.18e+18,1.11e+18
20080259.0,1.11e+18,1.12e+18,1.18e+18,1.11e+18
20080260.0,1.11e+18,1.12e+18,1.18e+18,1.11e+18
20080261.0,1.11e+18,1.12e+18,1.18e+18,1.11e+18
20080262.0,1.11e+18,1.12e+18,1.18e+18,1.11e+18
20080263.0,1.11e+18,1.12e+18,1.18e+18,1.11e+18
20080264.0,1.11e+18,1.12e+18,1.18e+18,1.11e+18
20080265.0,1.11e+18,1.12e+18,1.18e+18,1.11e+18
20080266.0,1.11e+18,1.12e+18,1.18e+18,1.11e+18
20080267.0,1.11e+18,1.12e+18,1.18e+18,1.11e+18
20080268.0,1.11e+18,1.12e+18,1.18e+18,1.11e+18
20080269.0,1.11e+18,1.12e+18,1.18e+18,1.11e+18
20080270.0,1.11e+18,1.12e+18,1.18e+18,1.11e+18
20080271.0,1.11e+18,1.12e+18,1.18e+18,1.11e+18
20080272.0,1.11e+18,1.12e+18,1.18e+18,1.11e+18
20080273.0,1.11e+18,1.12e+18,1.18e+18,1.11e+18
20080274.0,1.11e+18,1.12e+18,1.18e+18,1.11e+18
20080275.0,1.11e+18,1.12e+18,1.18e+18,1.11e+18
20080276.0,1.11e+18,1.12e+18,1.18e+18,1.11e+18
20080277.0,1.11e+18,1.12e+18,1.18e+18,1.11e+18
20080278.0,1.11e+18,1.12e+18,1.18e+18,1.11e+18
20080279.0,1.11e+18,1.12e+18,1.18e+18,1.11e+18
20080280.0,1.11e+18,1.12e+18,1.18e+18,1.11e+18
20080281.0,1.11e+18,1.12e+18,1.18e+18,1.11e+18
20080282.0,1.11e+18,1.12e+18,1.18e+18,1.11e+18
20080283.0,1.11e+18,1.12e+18,1.18e+18,1.11e+18
20080284.0,1.11e+18,1.12e+18,1.18e+18,1.11e+18
20080285.0,1.11e+18,1.12e+18,1.18e+18,1.11e+18
20080286.0,1.11e+18,1.12e+18,1.18e+18,1.11e+18
20080287.0,1.11e+18,1.12e+18,1.18e+18,1.11e+18
20080288.0,1.11e+18,1.12e+18,1.18e+18,1.11e+18
20080289.0,1.11e+18,1.12e+18,1.18e+18,1.11e+18
20080290.0,1.11e+18,1.12e+18,1.18e+18,1.11e+18
20080291.0,1.11e+18,1.12e+18,1.18e+18,1.11e+18
20080292.0,1.11e+18,1.12e+18,1.18e+18,1.11e+18
20080293.0,1.11e+18,1.12e+18,1.18e+18,1.11e+18
20080294.0,1.11e+18,1.12e+18,1.18e+18,1.11e+18
20080295.0,1.11e+18,1.12e+18,1.18e+18,1.11e+18
20080296.0,1.11e+18,1.12e+18,1.18e+18,1.11e+18
20080297.0,1.11e+18,1.12e+18,1.18e+18,1.11e+18
20080298.0,1.11e+18,1.12e+18,1.18e+18,1.11e+18
20080299.0,1.11e+18,1.12e+18,1.18e+18,1.11e+18
20080500.0,1.11e+18,1.12e+18,1.18e+18,1.11e+18
20081700.0,1.11e+18,1.12e+18,1.18e+18,1.11e+18
20082900.0,1.11e+18,1.12e+18,1.18e+18,1.11e+18
20084100.0,1.11e+18,1.12e+18,1.18e+18,1.11e+18
20085300.0,1.11e+18,1.12e+18,1.18e+18,1.11e+18
20086500.0,1.11e+18,1.12e+18,1.18e+18,1.11e+18
20087700.0,1.11e+18,1.12e+18,1.18e+18,1.11e+18
20088900.0,1.11e+18,1.12e+18,1.18e+18,1.11e+18
20090100.0,1.11e+18,1.12e+18,1.18e+18,1.11e+18
20091300.0,1.11e+18,1.12e+18,1.18e+18,1.11e+18
20092500.0,1.11e+18,1.12e+18,1.18e+18,1.11e+18
20093700.0,1.11e+18,1.12e+18,1.18e+18,1.11e+18
20094900.0,1.11e+18,1.12e+18,1.18e+18,1.11e+18
20096100.0,1.11e+18,1.12e+18,1.18e+18,1.11e+18
20097300.0,1.11e+18,1.12e+18,1.18e+18,1.11e+18
20098500.0,1.11e+18,1.12e+18,1.18e+18,1.11e+18
20099700.0,1.11e+18,1.12e+18,1.18e+18,1.11e+18
20100900.0,1.11e+18,1.12e+18,1.18e+18,1.11e+18
20102100.0,1.11e+18,1.12e+18,1.18e+18,1.11e+18
20103300.0,1.11e+18,1.12e+18,1.18e+18,1.11e+18
20103682.0,1.11e+18,1.12e+18,1.18e+18,1.11e+18
20104500.0,1.11e+18,1.12e+18,1.18e+18,1.11e+18
20105700.0,1.11e+18,1.12e+18,1.18e+18,1.11e+18
20106900.0,1.11e+18,1.12e+18,1.18e+18,1.11e+18
20108100.0,1.11e+18,1.12e+18,1.18e+18,1.11e+18
20109300.0,1.11e+18,1.12e+18,1.18e+18,1.11e+18
20110500.0,1.11e+18,1.12e+18,1.18e+18,1.11e+18
20111700.0,1.11e+18,1.12e+18,1.18e+18,1.11e+18
20112900.0,1.11e+18,1.12e+18,1.18e+18,1.11e+18
20114100.0,1.11e+18,1.12e+18,1.18e+18,1.11e+18
20115300.0,1.11e+18,1.13e+18,1.18e+18,1.11e+18
20116500.0,1.11e+18,1.13e+18,1.18e+18,1.11e+18
20117700.0,1.11e+18,1.13e+18,1.18e+18,1.11e+18
20118900.0,1.11e+18,1.13e+18,1.18e+18,1.11e+18
20120100.0,1.11e+18,1.13e+18,1.18e+18,1.11e+18
20121300.0,1.11e+18,1.13e+18,1.18e+18,1.11e+18
20122500.0,1.11e+18,1.13e+18,1.18e+18,1.11e+18
20123700.0,1.11e+18,1.13e+18,1.18e+18,1.11e+18
20124900.0,1.11e+18,1.13e+18,1.18e+18,1.11e+18
20126100.0,1.11e+18,1.13e+18,1.18e+18,1.11e+18
20127300.0,1.11e+18,1.13e+18,1.18e+18,1.11e+18
20128500.0,1.11e+18,1.13e+18,1.18e+18,1.11e+18
20129700.0,1.11e+18,1.13e+18,1.18e+18,1.11e+18
20130900.0,1.11e+18,1.13e+18,1.18e+18,1.11e+18
20132100.0,1.11e+18,1.13e+18,1.18e+18,1.11e+18
20133300.0,1.11e+18,1.13e+18,1.18e+18,1.11e+18
20134500.0,1.11e+18,1.13e+18,1.18e+18,1.11e+18
20135700.0,1.11e+18,1.13e+18,1.18e+18,1.11e+18
20136900.0,1.11e+18,1.13e+18,1.18e+18,1.11e+18
20138100.0,1.11e+18,1.13e+18,1.18e+18,1.11e+18
20139300.0,1.11e+18,1.13e+18,1.18e+18,1.11e+18
20140500.0,1.11e+18,1.13e+18,1.18e+18,1.11e+18
20141700.0,1.11e+18,1.13e+18,1.18e+18,1.11e+18
20142900.0,1.11e+18,1.13e+18,1.18e+18,1.11e+18
20144100.0,1.11e+18,1.13e+18,1.18e+18,1.11e+18
20145300.0,1.11e+18,1.13e+18,1.18e+18,1.11e+18
20146500.0,1.11e+18,1.13e+18,1.18e+18,1.11e+18
20147700.0,1.11e+18,1.13e+18,1.18e+18,1.11e+18
20148900.0,1.11e+18,1.13e+18,1.18e+18,1.11e+18
20150100.0,1.11e+18,1.13e+18,1.18e+18,1.11e+18
20151300.0,1.11e+18,1.13e+18,1.18e+18,1.11e+18
20152500.0,1.11e+18,1.13e+18,1.18e+18,1.11e+18
20153700.0,1.11e+18,1.13e+18,1.18e+18,1.11e+18
20154900.0,1.11e+18,1.13e+18,1.18e+18,1.11e+18
20156100.0,1.11e+18,1.13e+18,1.18e+18,1.11e+18
20157300.0,1.11e+18,1.13e+18,1.18e+18,1.11e+18
20158500.0,1.11e+18,1.13e+18,1.18e+18,1.11e+18
20159700.0,1.11e+18,1.13e+18,1.18e+18,1.11e+18
20160900.0,1.11e+18,1.13e+18,1.18e+18,1.11e+18
20162100.0,1.11e+18,1.13e+18,1.18e+18,1.11e+18
20163300.0,1.11e+18,1.13e+18,1.18e+18,1.11e+18
20164500.0,1.11e+18,1.13e+18,1.18e+18,1.11e+18
20165700.0,1.11e+18,1.13e+18,1.18e+18,1.11e+18
20166900.0,1.11e+18,1.13e+18,1.18e+18,1.11e+18
20168100.0,1.11e+18,1.13e+18,1.18e+18,1.11e+18
20169300.0,1.11e+18,1.13e+18,1.18e+18,1.11e+18
20170500.0,1.11e+18,1.13e+18,1.18e+18,1.11e+18
20171700.0,1.11e+18,1.13e+18,1.18e+18,1.11e+18
20172900.0,1.11e+18,1.13e+18,1.18e+18,1.11e+18
20174100.0,1.11e+18,1.13e+18,1.18e+18,1.11e+18
20175300.0,1.11e+18,1.13e+18,1.18e+18,1.11e+18
20176500.0,1.11e+18,1.13e+18,1.18e+18,1.11e+18
20177700.0,1.11e+18,1.13e+18,1.18e+18,1.11e+18
20178900.0,1.11e+18,1.13e+18,1.18e+18,1.11e+18
20180100.0,1.11e+18,1.13e+18,1.18e+18,1.11e+18
20181300.0,1.11e+18,1.13e+18,1.18e+18,1.11e+18
20182500.0,1.11e+18,1.13e+18,1.18e+18,1.11e+18
20183700.0,1.11e+18,1.13e+18,1.18e+18,1.11e+18
20184900.0,1.11e+18,1.13e+18,1.18e+18,1.11e+18
20186100.0,1.11e+18,1.13e+18,1.18e+18,1.11e+18
20187300.0,1.11e+18,1.13e+18,1.18e+18,1.11e+18
20188500.0,1.11e+18,1.13e+18,1.18e+18,1.11e+18
20189700.0,1.11e+18,1.13e+18,1.18e+18,1.11e+18
20190900.0,1.11e+18,1.13e+18,1.18e+18,1.11e+18
20192100.0,1.11e+18,1.13e+18,1.18e+18,1.11e+18
20193300.0,1.11e+18,1.13e+18,1.18e+18,1.11e+18
20194500.0,1.11e+18,1.13e+18,1.18e+18,1.11e+18
20195700.0,1.11e+18,1.13e+18,1.18e+18,1.11e+18
20196900.0,1.11e+18,1.13e+18,1.18e+18,1.11e+18
20198100.0,1.11e+18,1.13e+18,1.18e+18,1.11e+18
20199300.0,1.11e+18,1.13e+18,1.18e+18,1.11e+18
20200500.0,1.11e+18,1.13e+18,1.18e+18,1.11e+18
20201700.0,1.11e+18,1.13e+18,1.18e+18,1.11e+18
20202900.0,1.11e+18,1.13e+18,1.18e+18,1.11e+18
20204100.0,1.11e+18,1.13e+18,1.18e+18,1.11e+18
20205300.0,1.11e+18,1.13e+18,1.18e+18,1.11e+18
20206500.0,1.11e+18,1.13e+18,1.18e+18,1.11e+18
20207700.0,1.11e+18,1.13e+18,1.18e+18,1.11e+18
20208900.0,1.11e+18,1.13e+18,1.18e+18,1.11e+18
20210100.0,1.11e+18,1.13e+18,1.18e+18,1.11e+18
20211300.0,1.11e+18,1.13e+18,1.18e+18,1.11e+18
20212500.0,1.11e+18,1.13e+18,1.18e+18,1.11e+18
20213700.0,1.11e+18,1.13e+18,1.18e+18,1.11e+18
20214900.0,1.11e+18,1.13e+18,1.18e+18,1.11e+18
20216100.0,1.11e+18,1.13e+18,1.18e+18,1.11e+18
20217300.0,1.11e+18,1.13e+18,1.18e+18,1.11e+18
20218500.0,1.11e+18,1.13e+18,1.18e+18,1.11e+18
20219700.0,1.11e+18,1.13e+18,1.18e+18,1.11e+18
20220900.0,1.11e+18,1.13e+18,1.18e+18,1.11e+18
20222100.0,1.11e+18,1.13e+18,1.18e+18,1.11e+18
20223300.0,1.11e+18,1.13e+18,1.18e+18,1.11e+18
20224500.0,1.11e+18,1.13e+18,1.18e+18,1.11e+18
20225700.0,1.11e+18,1.13e+18,1.18e+18,1.11e+18
20226900.0,1.11e+18,1.13e+18,1.18e+18,1.11e+18
20228100.0,1.11e+18,1.13e+18,1.18e+18,1.11e+18
20229300.0,1.11e+18,1.13e+18,1.18e+18,1.11e+18
20230500.0,1.11e+18,1.13e+18,1.18e+18,1.11e+18
20231700.0,1.11e+18,1.13e+18,1.18e+18,1.11e+18
20232900.0,1.11e+18,1.13e+18,1.18e+18,1.11e+18
20234100.0,1.11e+18,1.13e+18,1.18e+18,1.11e+18
20235300.0,1.11e+18,1.13e+18,1.18e+18,1.11e+18
20236500.0,1.11e+18,1.13e+18,1.18e+18,1.11e+18
20237700.0,1.11e+18,1.13e+18,1.18e+18,1.11e+18
20238900.0,1.11e+18,1.13e+18,1.18e+18,1.11e+18
20240100.0,1.11e+18,1.13e+18,1.18e+18,1.11e+18
20241300.0,1.11e+18,1.13e+18,1.18e+18,1.11e+18
20242500.0,1.11e+18,1.13e+18,1.18e+18,1.11e+18
20243700.0,1.11e+18,1.13e+18,1.18e+18,1.11e+18
20244900.0,1.11e+18,1.13e+18,1.18e+18,1.11e+18
20246100.0,1.11e+18,1.13e+18,1.18e+18,1.11e+18
20247300.0,1.11e+18,1.13e+18,1.18e+18,1.11e+18
20248500.0,1.11e+18,1.13e+18,1.18e+18,1.11e+18
20249700.0,1.11e+18,1.13e+18,1.18e+18,1.11e+18
20250900.0,1.11e+18,1.13e+18,1.18e+18,1.11e+18
20252100.0,1.11e+18,1.13e+18,1.18e+18,1.11e+18
20253300.0,1.11e+18,1.13e+18,1.18e+18,1.11e+18
20254500.0,1.11e+18,1.13e+18,1.18e+18,1.11e+18
20255700.0,1.11e+18,1.13e+18,1.18e+18,1.11e+18
20256900.0,1.11e+18,1.13e+18,1.18e+18,1.11e+18
20258100.0,1.11e+18,1.13e+18,1.18e+18,1.11e+18
20259300.0,1.11e+18,1.13e+18,1.18e+18,1.11e+18
20260500.0,1.11e+18,1.13e+18,1.18e+18,1.11e+18
20261700.0,1.11e+18,1.13e+18,1.18e+18,1.11e+18
20262900.0,1.11e+18,1.13e+18,1.18e+18,1.11e+18
20264100.0,1.11e+18,1.13e+18,1.18e+18,1.11e+18
20265300.0,1.11e+18,1.13e+18,1.18e+18,1.11e+18
20266500.0,1.11e+18,1.13e+18,1.18e+18,1.11e+18
20267700.0,1.11e+18,1.13e+18,1.18e+18,1.11e+18
20268900.0,1.11e+18,1.13e+18,1.18e+18,1.11e+18
20270100.0,1.11e+18,1.13e+18,1.18e+18,1.11e+18
20271300.0,1.11e+18,1.13e+18,1.18e+18,1.11e+18
20272500.0,1.11e+18,1.13e+18,1.18e+18,1.11e+18
20273700.0,1.11e+18,1.13e+18,1.18e+18,1.11e+18
20274900.0,1.11e+18,1.13e+18,1.18e+18,1.11e+18
20276100.0,1.11e+18,1.13e+18,1.18e+18,1.11e+18
20277300.0,1.11e+18,1.13e+18,1.18e+18,1.11e+18
20278500.0,1.11e+18,1.13e+18,1.18e+18,1.11e+18
20279700.0,1.11e+18,1.13e+18,1.18e+18,1.11e+18
20280900.0,1.11e+18,1.13e+18,1.18e+18,1.11e+18
20282100.0,1.11e+18,1.13e+18,1.18e+18,1.11e+18
20283300.0,1.11e+18,1.13e+18,1.18e+18,1.11e+18
20284500.0,1.11e+18,1.13e+18,1.18e+18,1.11e+18
20285700.0,1.11e+18,1.13e+18,1.18e+18,1.11e+18
20286900.0,1.11e+18,1.13e+18,1.18e+18,1.11e+18
20288100.0,1.11e+18,1.13e+18,1.18e+18,1.11e+18
20289300.0,1.11e+18,1.13e+18,1.19e+18,1.11e+18
20290500.0,1.11e+18,1.13e+18,1.19e+18,1.11e+18
20291700.0,1.12e+18,1.13e+18,1.19e+18,1.11e+18
20292900.0,1.12e+18,1.13e+18,1.19e+18,1.11e+18
20294100.0,1.12e+18,1.13e+18,1.19e+18,1.11e+18
20295300.0,1.12e+18,1.13e+18,1.19e+18,1.11e+18
20296500.0,1.12e+18,1.13e+18,1.19e+18,1.11e+18
20297700.0,1.12e+18,1.13e+18,1.19e+18,1.11e+18
20298900.0,1.12e+18,1.13e+18,1.19e+18,1.11e+18
20300100.0,1.12e+18,1.13e+18,1.19e+18,1.11e+18
20301300.0,1.12e+18,1.13e+18,1.19e+18,1.11e+18
20302500.0,1.12e+18,1.13e+18,1.19e+18,1.11e+18
20303700.0,1.12e+18,1.13e+18,1.19e+18,1.11e+18
20304900.0,1.12e+18,1.13e+18,1.19e+18,1.11e+18
20306100.0,1.12e+18,1.13e+18,1.19e+18,1.11e+18
20307300.0,1.12e+18,1.13e+18,1.19e+18,1.11e+18
20308500.0,1.12e+18,1.13e+18,1.19e+18,1.11e+18
20309700.0,1.12e+18,1.13e+18,1.19e+18,1.11e+18
20310900.0,1.12e+18,1.13e+18,1.19e+18,1.11e+18
20312100.0,1.12e+18,1.13e+18,1.19e+18,1.11e+18
20314500.0,1.12e+18,1.13e+18,1.19e+18,1.11e+18
20315700.0,1.12e+18,1.13e+18,1.19e+18,1.11e+18
20316900.0,1.12e+18,1.13e+18,1.19e+18,1.11e+18
20318100.0,1.12e+18,1.13e+18,1.19e+18,1.11e+18
20319300.0,1.12e+18,1.13e+18,1.19e+18,1.11e+18
20320500.0,1.12e+18,1.13e+18,1.19e+18,1.11e+18
20321700.0,1.12e+18,1.13e+18,1.19e+18,1.11e+18
20322900.0,1.12e+18,1.13e+18,1.19e+18,1.11e+18
20324100.0,1.12e+18,1.13e+18,1.19e+18,1.11e+18
20325300.0,1.12e+18,1.13e+18,1.19e+18,1.11e+18
20326500.0,1.12e+18,1.13e+18,1.19e+18,1.11e+18
20327700.0,1.12e+18,1.13e+18,1.19e+18,1.11e+18
20328900.0,1.12e+18,1.13e+18,1.19e+18,1.11e+18
20330100.0,1.12e+18,1.13e+18,1.19e+18,1.11e+18
20331300.0,1.12e+18,1.13e+18,1.19e+18,1.11e+18
20332500.0,1.12e+18,1.13e+18,1.19e+18,1.11e+18
20333700.0,1.12e+18,1.13e+18,1.19e+18,1.11e+18
20334900.0,1.12e+18,1.13e+18,1.19e+18,1.11e+18
20336100.0,1.12e+18,1.13e+18,1.19e+18,1.11e+18
20337300.0,1.12e+18,1.13e+18,1.19e+18,1.11e+18
20338500.0,1.12e+18,1.13e+18,1.19e+18,1.11e+18
20339700.0,1.12e+18,1.13e+18,1.19e+18,1.11e+18
20340900.0,1.12e+18,1.13e+18,1.19e+18,1.11e+18
20342100.0,1.12e+18,1.13e+18,1.19e+18,1.11e+18
20343300.0,1.12e+18,1.13e+18,1.19e+18,1.11e+18
20344500.0,1.12e+18,1.13e+18,1.19e+18,1.11e+18
20345700.0,1.12e+18,1.13e+18,1.19e+18,1.11e+18
20346900.0,1.12e+18,1.13e+18,1.19e+18,1.11e+18
20348100.0,1.12e+18,1.13e+18,1.19e+18,1.11e+18
20349300.0,1.12e+18,1.13e+18,1.19e+18,1.11e+18
20350500.0,1.12e+18,1.13e+18,1.19e+18,1.11e+18
20351700.0,1.12e+18,1.13e+18,1.19e+18,1.11e+18
20352900.0,1.12e+18,1.13e+18,1.19e+18,1.11e+18
20354100.0,1.12e+18,1.13e+18,1.19e+18,1.11e+18
20355300.0,1.12e+18,1.13e+18,1.19e+18,1.11e+18
20356500.0,1.12e+18,1.13e+18,1.19e+18,1.11e+18
20357700.0,1.12e+18,1.13e+18,1.19e+18,1.11e+18
20358900.0,1.12e+18,1.13e+18,1.19e+18,1.11e+18
20360100.0,1.12e+18,1.13e+18,1.19e+18,1.11e+18
20361300.0,1.12e+18,1.13e+18,1.19e+18,1.11e+18
20362500.0,1.12e+18,1.13e+18,1.19e+18,1.11e+18
20363700.0,1.12e+18,1.13e+18,1.19e+18,1.11e+18
20364900.0,1.1216537802725312e+18,1.1327919225640356e+18,1.1943730957744568e+18,1.1104347828866446e+18
20366100.0,1.1220271176874724e+18,1.1333052451515064e+18,1.1945391355737242e+18,1.1104347828866446e+18
20367300.0,1.1224010742357719e+18,1.1338194190202168e+18,1.194705450729209e+18,1.1104347828866446e+18
20368500.0,1.1227744116507132e+18,1.1343327416076876e+18,1.1948714905284764e+18,1.1104347828866446e+18
20369700.0,1.1231474394989755e+18,1.1348456385545385e+18,1.1950373926496348e+18,1.1104347828866446e+18
20370900.0,1.1235198482138797e+18,1.1353343906825312e+18,1.1952030194145756e+18,1.1104347828866446e+18
20371891.0,1.1238275574928612e+18,1.1356402954072518e+18,1.1953398714547679e+18,1.1104347828866446e+18
,,,,
,,,,
,,,,
,,,,
,,,,
,,,,
,,,,
